company_id,word,score
familymart,いける,0.0657
familymart,うま,0.0657
familymart,おめでとう,0.04
familymart,さま,0.2687
familymart,すべて,0.0509
familymart,そのまま,0.0744
familymart,づくり,0.0596
familymart,とも,0.0314
familymart,とる,0.03
familymart,ふさわしい,0.0657
familymart,もつ,0.0509
familymart,インフラ,0.0548
familymart,エネルギー,0.0448
familymart,コマース,0.0744
familymart,コンテンツ,0.0657
familymart,コンビ,0.0744
familymart,コンビニ,0.0744
familymart,ステージ,0.0953
familymart,スピード,0.0476
familymart,スピード感,0.0657
familymart,チャレンジ,0.0548
familymart,デジタル,0.0361
familymart,データ,0.0548
familymart,ファミリーマート,0.5205
familymart,ブランド,0.0657
familymart,メディア,0.0657
familymart,リアル店舗,0.0744
familymart,リテール,0.0744
familymart,一丸,0.0476
familymart,一人ひとり,0.0361
familymart,一体,0.0596
familymart,世界中,0.0476
familymart,丙午,0.1644
familymart,乗り越える,0.0657
familymart,仕組み,0.0596
familymart,体現,0.0596
familymart,体験,0.0548
familymart,便利,0.0596
familymart,信ずる,0.0657
familymart,健やか,0.0657
familymart,備蓄米,0.0744
familymart,全力,0.0509
familymart,分かち合う,0.0744
familymart,創る,0.0596
familymart,創立,0.0596
familymart,力強い,0.0509
familymart,加盟店,0.3285
familymart,勢い,0.0548
familymart,単なる,0.1096
familymart,収益,0.0548
familymart,取り組み,0.0723
familymart,取引先,0.0596
familymart,周年,0.1096
familymart,哲学,0.0657
familymart,喜び,0.0744
familymart,地域社会,0.0596
familymart,基盤,0.0423
familymart,売場,0.0744
familymart,変える,0.0596
familymart,大きな,0.0574
familymart,大谷,0.0744
familymart,太陽,0.0657
familymart,存在,0.08
familymart,安住,0.0744
familymart,干支,0.0509
familymart,店舗,0.0657
familymart,強い,0.038
familymart,強み,0.0448
familymart,必要,0.0448
familymart,情熱,0.1018
familymart,意味,0.0509
familymart,感ずる,0.0423
familymart,感謝,0.0509
familymart,成功,0.0596
familymart,押し上げる,0.0657
familymart,拓ける,0.0744
familymart,挑戦,0.0627
familymart,振り返る,0.0448
familymart,掛け合わせる,0.0596
familymart,接点,0.0657
familymart,推進力,0.0657
familymart,掲げる,0.0476
familymart,支える,0.076
familymart,新しい,0.0344
familymart,旗手,0.0744
familymart,日常,0.0744
familymart,日本,0.08
familymart,日頃,0.0596
familymart,明ける,0.0509
familymart,時代,0.0361
familymart,本部,0.0744
familymart,求める,0.0548
familymart,流す,0.0744
familymart,深い,0.0548
familymart,牽引,0.0596
familymart,現場,0.04
familymart,現状,0.0596
familymart,生み出す,0.0509
familymart,示す,0.0423
familymart,社員,0.0314
familymart,稼げる,0.0744
familymart,積み重ねる,0.0509
familymart,立ち止まる,0.0744
familymart,立つ,0.0476
familymart,競う,0.0744
familymart,節目,0.1018
familymart,終わる,0.0744
familymart,結果,0.0657
familymart,継続的,0.0657
familymart,続ける,0.03
familymart,翔平,0.0744
familymart,行動,0.0448
familymart,言う,0.0476
familymart,言える,0.0596
familymart,話題,0.0744
familymart,象徴,0.0596
familymart,走る,0.1314
familymart,転機,0.0744
familymart,迎える,0.0688
familymart,迷う,0.0657
familymart,通過,0.0657
familymart,進化,0.0361
familymart,過去,0.0548
familymart,選手,0.0744
familymart,関わる,0.0657
familymart,関係者,0.0744
familymart,願う,0.038
familymart,馳せる,0.0744
familymart,駆け抜ける,0.1191
familymart,高い,0.0476
ihi,change,0.0812
ihi,ihi,0.3247
ihi,かかる,0.0717
ihi,さらなる,0.065
ihi,つくる,0.0717
ihi,とる,0.0327
ihi,ひらく,0.0812
ihi,めど,0.0812
ihi,よる,0.0327
ihi,キャッシュ,0.0717
ihi,コンプライアンス,0.13
ihi,スタート,0.0394
ihi,ステージ,0.052
ihi,フロー,0.0717
ihi,プロジェクト,0.065
ihi,ポートフォリオ,0.0717
ihi,一人ひとり,0.0789
ihi,一切,0.0812
ihi,一定,0.0598
ihi,一度,0.0717
ihi,不可欠,0.065
ihi,中核,0.065
ihi,人財,0.0717
ihi,今後,0.0598
ihi,仕上げ,0.0717
ihi,伝える,0.052
ihi,促す,0.0812
ihi,個人,0.0556
ihi,働く,0.0812
ihi,全体,0.0342
ihi,全員,0.104
ihi,削減,0.0717
ihi,動かす,0.065
ihi,半ば,0.0812
ihi,原点,0.0556
ihi,収益性,0.0717
ihi,取り組み,0.0394
ihi,向ける,0.0685
ihi,固定費,0.0812
ihi,土台,0.065
ihi,基本,0.0598
ihi,基盤,0.1845
ihi,多様性,0.0812
ihi,大きな,0.0626
ihi,大切,0.0556
ihi,失敗,0.0717
ihi,妥協,0.0812
ihi,存続,0.0812
ihi,安全,0.1244
ihi,安心,0.0717
ihi,実感,0.0556
ihi,実行,0.0489
ihi,家族,0.0489
ihi,年度,0.2488
ihi,幸せ,0.065
ihi,強い,0.0829
ihi,強み,0.2444
ihi,徹底,0.065
ihi,徹底的,0.0812
ihi,必要,0.0978
ihi,応援,0.0812
ihi,思い,0.065
ihi,意識,0.052
ihi,成果,0.0415
ihi,戻る,0.065
ihi,技術,0.052
ihi,投資,0.0923
ihi,持つ,0.0415
ihi,挑戦,0.2054
ihi,改善,0.0556
ihi,改革,0.0598
ihi,教育,0.065
ihi,文化,0.1951
ihi,明らか,0.0812
ihi,時期,0.0717
ihi,最後,0.0415
ihi,最終,0.0489
ihi,次期,0.0812
ihi,歴史,0.0556
ihi,活動,0.0461
ihi,準備,0.065
ihi,獲得,0.1623
ihi,現在,0.065
ihi,生かす,0.0717
ihi,着実,0.0437
ihi,社員,0.0342
ihi,祈る,0.0556
ihi,移行,0.13
ihi,築く,0.0598
ihi,素晴らしい,0.0556
ihi,組織,0.052
ihi,経営,0.0415
ihi,経営方針,0.1623
ihi,結集,0.0556
ihi,継続的,0.0717
ihi,職場,0.1434
ihi,自己,0.0598
ihi,自己啓発,0.0812
ihi,計画,0.052
ihi,許す,0.0717
ihi,許容,0.0812
ihi,話す,0.0598
ihi,認識,0.0717
ihi,財務,0.2152
ihi,資本,0.0598
ihi,迎える,0.0376
ihi,連続,0.065
ihi,遂げる,0.0598
ihi,運転,0.0812
ihi,部門,0.2152
ihi,重要性,0.0598
ihi,開発,0.0556
ihi,飛躍,0.1112
ihi,高い,0.052
ihi,高める,0.052
itochu,ai,0.4225
itochu,challenge,0.0702
itochu,month,0.0702
itochu,あたる,0.0341
itochu,いわゆる,0.0702
itochu,おめでとう,0.0378
itochu,くれる,0.062
itochu,しれる,0.062
itochu,その後,0.0702
itochu,つながる,0.0481
itochu,とも,0.0296
itochu,ひとり一人,0.0702
itochu,よる,0.085
itochu,アイデア,0.0702
itochu,アシスタント,0.0702
itochu,インターネット,0.062
itochu,オフィス,0.062
itochu,オードリー,0.0702
itochu,ケース,0.0702
itochu,コスト,0.0562
itochu,サービス,0.0399
itochu,システム,0.062
itochu,スタート,0.0341
itochu,タン,0.0702
itochu,チャンス,0.0481
itochu,ツール,0.0562
itochu,デジタル,0.1023
itochu,トップランナー,0.0702
itochu,ヒント,0.0702
itochu,ビジネス,0.2511
itochu,ポジション,0.0702
itochu,モデル,0.1241
itochu,リーダー,0.0702
itochu,リード,0.0562
itochu,ワーク,0.0702
itochu,一丸,0.045
itochu,一方,0.0562
itochu,一足,0.0702
itochu,与える,0.062
itochu,世の中,0.0481
itochu,世界,0.1777
itochu,事務処理,0.0702
itochu,人材不足,0.0702
itochu,付加価値,0.0562
itochu,代行,0.0702
itochu,以前,0.0702
itochu,伊藤忠,0.2106
itochu,伝える,0.045
itochu,低減,0.0702
itochu,作成,0.0702
itochu,作業,0.0702
itochu,促進,0.1241
itochu,健康,0.0481
itochu,全社,0.0481
itochu,共有,0.0899
itochu,具体的,0.0481
itochu,分野,0.065
itochu,初期段階,0.0702
itochu,創出,0.0378
itochu,創造,0.0399
itochu,効率化,0.0518
itochu,動き始める,0.0702
itochu,危機感,0.0702
itochu,収益,0.1035
itochu,可能,0.0518
itochu,可能性,0.0562
itochu,台湾,0.0702
itochu,商売,0.0702
itochu,多い,0.0518
itochu,多く,0.0399
itochu,多幸,0.0702
itochu,大臣,0.0702
itochu,存在,0.0378
itochu,定型,0.0702
itochu,実施,0.0481
itochu,実装,0.0481
itochu,家族,0.0423
itochu,寄せる,0.0702
itochu,導入,0.0962
itochu,展開,0.0399
itochu,川下,0.0702
itochu,市場,0.0423
itochu,年度,0.0359
itochu,強み,0.0423
itochu,必達,0.0702
itochu,思い,0.0562
itochu,情報,0.0899
itochu,感ずる,0.0798
itochu,手続き,0.0702
itochu,持つ,0.0359
itochu,掘り起こし,0.0702
itochu,接点,0.062
itochu,携帯電話,0.0702
itochu,文書,0.0702
itochu,新しい,0.065
itochu,方々,0.0518
itochu,既存,0.0481
itochu,日本,0.0378
itochu,明ける,0.0481
itochu,映画,0.1404
itochu,時点,0.0702
itochu,更なる,0.1125
itochu,最後,0.0359
itochu,有益,0.0702
itochu,期待,0.0899
itochu,末端,0.0702
itochu,本格的,0.0518
itochu,業務,0.0423
itochu,構築,0.0399
itochu,活用,0.1793
itochu,活躍,0.225
itochu,現代,0.062
itochu,現実,0.062
itochu,留まる,0.0702
itochu,発想,0.0562
itochu,知る,0.0702
itochu,磨く,0.0481
itochu,示す,0.0399
itochu,社内,0.0702
itochu,社員,0.0296
itochu,祈念,0.0481
itochu,積極的,0.045
itochu,組み込む,0.0562
itochu,縦社会,0.0702
itochu,繁盛,0.0702
itochu,聞く,0.0518
itochu,脱落,0.0702
itochu,自動化,0.062
itochu,行政,0.062
itochu,補う,0.062
itochu,触れる,0.062
itochu,計画,0.045
itochu,転換,0.062
itochu,近づく,0.0702
itochu,近未来,0.0702
itochu,通す,0.0562
itochu,連携,0.0399
itochu,連結純利益,0.0702
itochu,進む,0.0399
itochu,進化,0.0682
itochu,遅れる,0.0702
itochu,閉じ込める,0.0702
itochu,閉塞,0.0702
itochu,間違い,0.062
itochu,関係,0.0481
itochu,関連,0.0518
itochu,革命,0.0702
itochu,領域,0.045
itochu,願う,0.0359
itochu,顧客,0.0518
itochu,飛ぶ,0.0562
jfe-steel,dx,0.1295
jfe-steel,gx,0.043
jfe-steel,jfe,0.043
jfe-steel,あたる,0.0418
jfe-steel,あふれる,0.038
jfe-steel,うえ,0.038
jfe-steel,お金,0.043
jfe-steel,お願い,0.0317
jfe-steel,かける,0.0317
jfe-steel,か月,0.038
jfe-steel,こだわる,0.076
jfe-steel,それぞれ,0.0295
jfe-steel,つながる,0.0589
jfe-steel,つなげる,0.038
jfe-steel,とも,0.0363
jfe-steel,とる,0.0173
jfe-steel,ねがう,0.129
jfe-steel,はじめ,0.0259
jfe-steel,みな,0.0689
jfe-steel,もたらす,0.0276
jfe-steel,よる,0.0694
jfe-steel,オーダー,0.043
jfe-steel,カーボンニュートラル,0.086
jfe-steel,コスト,0.1034
jfe-steel,コスト削減,0.086
jfe-steel,コロナ禍,0.038
jfe-steel,コンプライアンス,0.0345
jfe-steel,サイクル,0.043
jfe-steel,スタッフ,0.043
jfe-steel,スチール,0.043
jfe-steel,スプレッド,0.043
jfe-steel,ソリューション,0.0551
jfe-steel,チャンス,0.0589
jfe-steel,ツール,0.0689
jfe-steel,トラブル,0.038
jfe-steel,トランプ,0.038
jfe-steel,バンキング,0.043
jfe-steel,ビジョン,0.0884
jfe-steel,プロセス,0.0345
jfe-steel,マンパワー,0.043
jfe-steel,リスク,0.0276
jfe-steel,リーマンショック,0.043
jfe-steel,ルール,0.0345
jfe-steel,一定,0.0634
jfe-steel,一時的,0.043
jfe-steel,一過性,0.038
jfe-steel,一部,0.038
jfe-steel,下期,0.043
jfe-steel,不正,0.086
jfe-steel,不透明,0.0345
jfe-steel,中国,0.0345
jfe-steel,中心,0.0295
jfe-steel,中期,0.1034
jfe-steel,中期経営計画,0.0295
jfe-steel,中間,0.0345
jfe-steel,乗り越える,0.038
jfe-steel,事故,0.038
jfe-steel,他社,0.0345
jfe-steel,付加価値,0.0345
jfe-steel,以上,0.0317
jfe-steel,仲間,0.0345
jfe-steel,会社,0.0978
jfe-steel,会社全体,0.086
jfe-steel,低迷,0.043
jfe-steel,体制,0.0689
jfe-steel,使命,0.038
jfe-steel,保護主義的,0.038
jfe-steel,信頼,0.0463
jfe-steel,倉敷,0.043
jfe-steel,健康,0.0295
jfe-steel,傾ける,0.038
jfe-steel,優位性,0.043
jfe-steel,先駆ける,0.043
jfe-steel,全体,0.0363
jfe-steel,公表,0.0295
jfe-steel,共有,0.0276
jfe-steel,具体的,0.0295
jfe-steel,冥福,0.043
jfe-steel,出す,0.038
jfe-steel,分野,0.0199
jfe-steel,判断,0.038
jfe-steel,利用,0.038
jfe-steel,利益,0.1034
jfe-steel,前例,0.038
jfe-steel,前向き,0.038
jfe-steel,創造,0.0244
jfe-steel,創造的,0.043
jfe-steel,力強い,0.0295
jfe-steel,努力,0.0317
jfe-steel,労使,0.043
jfe-steel,労働災害,0.043
jfe-steel,労働組合,0.086
jfe-steel,効果的,0.043
jfe-steel,効率,0.038
jfe-steel,効率化,0.0317
jfe-steel,協力,0.0345
jfe-steel,協力会社,0.043
jfe-steel,危険,0.038
jfe-steel,厳しい,0.038
jfe-steel,収まる,0.043
jfe-steel,収益,0.2219
jfe-steel,取り戻す,0.076
jfe-steel,取り組み,0.0836
jfe-steel,取る,0.038
jfe-steel,可能性,0.0345
jfe-steel,各国,0.0317
jfe-steel,各部,0.043
jfe-steel,向ける,0.0544
jfe-steel,含む,0.038
jfe-steel,含める,0.1034
jfe-steel,品質,0.0295
jfe-steel,商品,0.076
jfe-steel,営業活動,0.043
jfe-steel,回復,0.0345
jfe-steel,国内,0.076
jfe-steel,土台,0.0345
jfe-steel,地区,0.043
jfe-steel,売る,0.043
jfe-steel,変化,0.019
jfe-steel,外注,0.043
jfe-steel,外販,0.043
jfe-steel,多い,0.0317
jfe-steel,大きな,0.0332
jfe-steel,大量,0.038
jfe-steel,失う,0.086
jfe-steel,始め,0.038
jfe-steel,始める,0.038
jfe-steel,存在,0.0231
jfe-steel,安全,0.1099
jfe-steel,安定,0.114
jfe-steel,安定感,0.043
jfe-steel,完遂,0.043
jfe-steel,実り,0.038
jfe-steel,実力,0.043
jfe-steel,実行,0.0777
jfe-steel,実践,0.0634
jfe-steel,実際,0.038
jfe-steel,実需,0.043
jfe-steel,家族,0.0259
jfe-steel,対応,0.0276
jfe-steel,対話,0.038
jfe-steel,将来,0.0295
jfe-steel,尊い,0.043
jfe-steel,導く,0.043
jfe-steel,導入,0.0295
jfe-steel,市場,0.0259
jfe-steel,市況,0.076
jfe-steel,平均,0.043
jfe-steel,年度,0.1758
jfe-steel,年間,0.0689
jfe-steel,廉価,0.043
jfe-steel,建設的,0.043
jfe-steel,引き上げる,0.038
jfe-steel,急速,0.0295
jfe-steel,悪化,0.086
jfe-steel,悲劇,0.043
jfe-steel,情報,0.0276
jfe-steel,意思決定,0.043
jfe-steel,成果,0.0659
jfe-steel,戦略,0.2072
jfe-steel,所信,0.043
jfe-steel,打開,0.043
jfe-steel,投融資,0.043
jfe-steel,投資,0.0244
jfe-steel,抜く,0.038
jfe-steel,招く,0.038
jfe-steel,拡販,0.043
jfe-steel,持続的,0.0259
jfe-steel,挑む,0.0276
jfe-steel,挑戦,0.0181
jfe-steel,捉える,0.0951
jfe-steel,損害,0.043
jfe-steel,携わる,0.043
jfe-steel,操業,0.129
jfe-steel,改ざん,0.043
jfe-steel,改善,0.0589
jfe-steel,改革,0.0317
jfe-steel,政策,0.0295
jfe-steel,敏感,0.043
jfe-steel,数値,0.043
jfe-steel,整備,0.086
jfe-steel,早い,0.0295
jfe-steel,早期発見,0.043
jfe-steel,明日,0.043
jfe-steel,時期,0.038
jfe-steel,時間,0.0689
jfe-steel,書類,0.043
jfe-steel,最優先,0.038
jfe-steel,最大化,0.0689
jfe-steel,最後,0.022
jfe-steel,最終,0.0259
jfe-steel,未来,0.057
jfe-steel,本質,0.038
jfe-steel,根幹,0.038
jfe-steel,業務,0.1036
jfe-steel,業務プロセス,0.0345
jfe-steel,楽観,0.043
jfe-steel,構築,0.0244
jfe-steel,構造,0.0345
jfe-steel,欠かせる,0.0345
jfe-steel,止める,0.038
jfe-steel,歩み,0.0345
jfe-steel,残り,0.043
jfe-steel,水準,0.0689
jfe-steel,汎用,0.043
jfe-steel,決意,0.0345
jfe-steel,法令,0.038
jfe-steel,法令遵守,0.043
jfe-steel,注力,0.0317
jfe-steel,活かす,0.0345
jfe-steel,活動,0.0733
jfe-steel,活用,0.022
jfe-steel,海外,0.1034
jfe-steel,混乱,0.043
jfe-steel,減る,0.038
jfe-steel,濃淡,0.043
jfe-steel,災害,0.0295
jfe-steel,状況,0.1295
jfe-steel,現在,0.0345
jfe-steel,現場,0.0926
jfe-steel,環境,0.0879
jfe-steel,甚大,0.043
jfe-steel,生成ai,0.0244
jfe-steel,生産,0.2536
jfe-steel,生産量,0.043
jfe-steel,用いる,0.038
jfe-steel,申し述べる,0.043
jfe-steel,発生,0.0345
jfe-steel,目標,0.0276
jfe-steel,真摯,0.038
jfe-steel,着実,0.0463
jfe-steel,知的財産,0.043
jfe-steel,研究,0.043
jfe-steel,研究所,0.043
jfe-steel,確保,0.038
jfe-steel,社員,0.0181
jfe-steel,祈る,0.0295
jfe-steel,祈念,0.0295
jfe-steel,秘める,0.043
jfe-steel,移行,0.0345
jfe-steel,稼ぐ,0.1034
jfe-steel,積み重ねる,0.0295
jfe-steel,競争,0.0345
jfe-steel,笑顔,0.0295
jfe-steel,管理,0.0951
jfe-steel,管理部門,0.043
jfe-steel,築ける,0.043
jfe-steel,精力的,0.043
jfe-steel,納期,0.043
jfe-steel,経営,0.0659
jfe-steel,結集,0.0295
jfe-steel,絶対,0.043
jfe-steel,維持,0.0295
jfe-steel,綿密,0.043
jfe-steel,練り上げる,0.043
jfe-steel,繰り返す,0.043
jfe-steel,能力,0.0689
jfe-steel,能率,0.043
jfe-steel,良い,0.0345
jfe-steel,蓄える,0.043
jfe-steel,行動,0.0259
jfe-steel,行為,0.043
jfe-steel,被災者,0.043
jfe-steel,製品,0.0345
jfe-steel,製造業,0.0345
jfe-steel,見立てる,0.043
jfe-steel,見通し,0.038
jfe-steel,観点,0.038
jfe-steel,計画,0.0276
jfe-steel,設備,0.0345
jfe-steel,許す,0.038
jfe-steel,試行錯誤,0.043
jfe-steel,認める,0.043
jfe-steel,誠実,0.0295
jfe-steel,課題,0.0231
jfe-steel,販売,0.19
jfe-steel,費用,0.043
jfe-steel,資源,0.0634
jfe-steel,購買,0.043
jfe-steel,足元,0.086
jfe-steel,足取り,0.043
jfe-steel,踏まえる,0.0317
jfe-steel,踏み出す,0.0276
jfe-steel,輸出,0.043
jfe-steel,通ずる,0.019
jfe-steel,通商,0.0345
jfe-steel,連結,0.043
jfe-steel,進展,0.0317
jfe-steel,達成,0.0589
jfe-steel,違反,0.043
jfe-steel,遵守,0.038
jfe-steel,重ねる,0.0295
jfe-steel,重大,0.038
jfe-steel,鋼材,0.043
jfe-steel,長期,0.076
jfe-steel,開発,0.0295
jfe-steel,関わる,0.038
jfe-steel,関係,0.0295
jfe-steel,関税,0.0276
jfe-steel,関連,0.0317
jfe-steel,防止,0.038
jfe-steel,限り,0.038
jfe-steel,集中,0.0345
jfe-steel,需要,0.0345
jfe-steel,面積,0.086
jfe-steel,頂ける,0.043
jfe-steel,願う,0.0659
jfe-steel,飛躍的,0.0317
jfe-steel,高める,0.0276
jfe-steel,高度化,0.038
jfe-steel,高炉,0.043
marubeni,crossvalue,0.0169
marubeni,gc,0.1181
marubeni,global,0.0169
marubeni,あける,0.0124
marubeni,あり,0.0169
marubeni,いま,0.0169
marubeni,おめでとう,0.0091
marubeni,かける,0.0124
marubeni,こむ,0.0169
marubeni,こめる,0.0169
marubeni,しめる,0.0169
marubeni,つける,0.0124
marubeni,つながる,0.0116
marubeni,とる,0.0272
marubeni,ども,0.0169
marubeni,なり,0.1789
marubeni,ほか,0.0135
marubeni,まぎれ,0.0169
marubeni,めがける,0.0169
marubeni,もたらす,0.0108
marubeni,もつ,0.0231
marubeni,よる,0.034
marubeni,エネルギー,0.0406
marubeni,ギア,0.0337
marubeni,ギャップ,0.0169
marubeni,グローバルサウス,0.0169
marubeni,サプライチェーン,0.0149
marubeni,ステージ,0.0216
marubeni,スピード,0.0108
marubeni,セキュリテイ,0.0169
marubeni,テクノロジー,0.0231
marubeni,プロフェッショナル,0.0169
marubeni,ミッション,0.0149
marubeni,リスク,0.0108
marubeni,一人ひとり,0.041
marubeni,一体,0.0135
marubeni,一員,0.0169
marubeni,一方,0.0135
marubeni,一歩,0.0169
marubeni,一見,0.0169
marubeni,不安定,0.0149
marubeni,世界,0.1352
marubeni,世界中,0.0324
marubeni,両立,0.0135
marubeni,中心,0.0116
marubeni,丸紅,0.6748
marubeni,主役,0.0149
marubeni,事例,0.0447
marubeni,人々,0.0135
marubeni,人格,0.0169
marubeni,仕事,0.0124
marubeni,代表,0.0337
marubeni,以上,0.0124
marubeni,会社,0.0096
marubeni,伝搬,0.0169
marubeni,伴う,0.0124
marubeni,位置,0.0135
marubeni,体格,0.0169
marubeni,体現,0.0135
marubeni,何時,0.0169
marubeni,例える,0.0169
marubeni,価格,0.0124
marubeni,俯瞰,0.0506
marubeni,個人,0.0116
marubeni,充填,0.0337
marubeni,先取り,0.0149
marubeni,先進,0.0169
marubeni,全体,0.0071
marubeni,全員,0.0108
marubeni,全速力,0.0169
marubeni,公表,0.0116
marubeni,共有,0.0108
marubeni,内需,0.0337
marubeni,出る,0.0169
marubeni,分断,0.0149
marubeni,分野,0.0078
marubeni,切り開く,0.0135
marubeni,切る,0.0116
marubeni,初期,0.0169
marubeni,到達,0.0149
marubeni,前進,0.0231
marubeni,創り出す,0.0298
marubeni,創出,0.0091
marubeni,創造,0.0192
marubeni,力強い,0.0231
marubeni,加速,0.0082
marubeni,動作,0.0169
marubeni,動詞,0.0169
marubeni,勝ち筋,0.1181
marubeni,勝つ,0.0149
marubeni,勝負,0.0169
marubeni,午年,0.0169
marubeni,卓越,0.0169
marubeni,単なる,0.0124
marubeni,原動力,0.027
marubeni,原点,0.0116
marubeni,厳しい,0.0149
marubeni,反する,0.0169
marubeni,取り組み,0.0082
marubeni,受け止める,0.0149
marubeni,古川,0.0337
marubeni,古来,0.0169
marubeni,台頭,0.0169
marubeni,史上,0.0169
marubeni,各国,0.0373
marubeni,各地,0.0135
marubeni,合わせる,0.0116
marubeni,同時,0.0447
marubeni,向かう,0.0347
marubeni,向き合う,0.0135
marubeni,向ける,0.0427
marubeni,味方,0.0169
marubeni,和する,0.135
marubeni,商人,0.0149
marubeni,商店,0.0169
marubeni,商機,0.0169
marubeni,商社,0.0675
marubeni,問う,0.0149
marubeni,善い,0.0675
marubeni,固まる,0.0169
marubeni,国家,0.0135
marubeni,土台,0.0135
marubeni,圧倒的,0.0169
marubeni,在る,0.0169
marubeni,地域,0.0182
marubeni,地政学,0.0203
marubeni,地点,0.0169
marubeni,基本,0.0124
marubeni,堅調,0.0169
marubeni,変える,0.027
marubeni,変動,0.027
marubeni,変化,0.1639
marubeni,外部,0.0149
marubeni,多く,0.0096
marubeni,大きい,0.0231
marubeni,大きな,0.0065
marubeni,大切,0.0347
marubeni,大地,0.0149
marubeni,大正,0.0169
marubeni,大胆,0.1012
marubeni,失敗,0.0149
marubeni,奮い立つ,0.0506
marubeni,如何,0.0169
marubeni,姿勢,0.0373
marubeni,存在,0.0182
marubeni,学ぶ,0.0169
marubeni,守り,0.0169
marubeni,安全,0.0086
marubeni,完成,0.0169
marubeni,実施,0.0116
marubeni,実践,0.087
marubeni,家族,0.0203
marubeni,宿る,0.0169
marubeni,対する,0.0116
marubeni,対峙,0.0169
marubeni,対策,0.0149
marubeni,対話,0.0447
marubeni,専務,0.0169
marubeni,尽くす,0.0298
marubeni,尽力,0.0124
marubeni,局地,0.0169
marubeni,局面,0.0149
marubeni,展開,0.0096
marubeni,希望,0.0249
marubeni,干支,0.0116
marubeni,平坦,0.0169
marubeni,年末年始,0.0135
marubeni,強い,0.0086
marubeni,強さ,0.1687
marubeni,強み,0.0102
marubeni,強靭,0.0135
marubeni,当時,0.0169
marubeni,律する,0.0169
marubeni,従う,0.0169
marubeni,従来,0.0149
marubeni,志向,0.0169
marubeni,思い描く,0.0169
marubeni,恵まれる,0.0169
marubeni,情勢,0.0149
marubeni,意味,0.0116
marubeni,愚直,0.0169
marubeni,感謝,0.0116
marubeni,慎重,0.0405
marubeni,慣習,0.0169
marubeni,成し遂げる,0.0135
marubeni,成功,0.0135
marubeni,戦略,0.0203
marubeni,押し上げる,0.0298
marubeni,抽出,0.0169
marubeni,拡がる,0.0169
marubeni,拡張,0.0169
marubeni,持ち物,0.0169
marubeni,持つ,0.0172
marubeni,持続的,0.0102
marubeni,挑む,0.0216
marubeni,挑戦,0.0142
marubeni,振り返る,0.0102
marubeni,捉える,0.0249
marubeni,探索,0.0337
marubeni,推進力,0.0149
marubeni,掲げる,0.0216
marubeni,揺るぎない,0.0169
marubeni,支える,0.0086
marubeni,攻め,0.0169
marubeni,政府,0.0149
marubeni,新しい,0.039
marubeni,方位,0.0337
marubeni,施策,0.0249
marubeni,既存,0.0116
marubeni,日々,0.0135
marubeni,日本,0.0091
marubeni,早い,0.0116
marubeni,昇華,0.0169
marubeni,明確化,0.0149
marubeni,映る,0.0169
marubeni,昭和,0.0169
marubeni,時代,0.0492
marubeni,時価総額,0.0169
marubeni,普遍的,0.3037
marubeni,更なる,0.0135
marubeni,書く,0.0169
marubeni,最前線,0.0149
marubeni,最善,0.0675
marubeni,最後,0.0172
marubeni,最高,0.0135
marubeni,未来,0.0223
marubeni,末期,0.0169
marubeni,本分,0.0337
marubeni,果敢,0.0373
marubeni,枠組み,0.0506
marubeni,根源,0.0169
marubeni,格上げ,0.0169
marubeni,業務,0.0102
marubeni,概念,0.0169
marubeni,構築,0.0096
marubeni,機会,0.0288
marubeni,正しい,0.027
marubeni,正しく,0.0169
marubeni,正面,0.0337
marubeni,歩み,0.0405
marubeni,残す,0.0169
marubeni,気候,0.0149
marubeni,水準,0.0135
marubeni,活用,0.0259
marubeni,満ちる,0.0116
marubeni,満ち溢れる,0.0169
marubeni,源泉,0.1012
marubeni,漢字,0.0169
marubeni,激しい,0.0676
marubeni,献身的,0.0169
marubeni,現代,0.0298
marubeni,現在,0.0405
marubeni,現場,0.0545
marubeni,現役世代,0.0169
marubeni,環境,0.0086
marubeni,生じる,0.0169
marubeni,生まれる,0.0169
marubeni,生み出す,0.0347
marubeni,生成ai,0.0288
marubeni,生産性,0.0135
marubeni,異なる,0.0337
marubeni,発揮,0.0249
marubeni,発行,0.0169
marubeni,登る,0.0169
marubeni,登山,0.0169
marubeni,目の当たり,0.027
marubeni,目標,0.0108
marubeni,真髄,0.0169
marubeni,着実,0.0363
marubeni,矛盾,0.0169
marubeni,知恵,0.0506
marubeni,研ぎ澄ます,0.0169
marubeni,確信,0.0249
marubeni,確実,0.0108
marubeni,確認,0.0169
marubeni,磨き上げる,0.0169
marubeni,磨き込む,0.0169
marubeni,磨く,0.0116
marubeni,示す,0.0096
marubeni,社名,0.0249
marubeni,社員,0.0071
marubeni,社是,0.0169
marubeni,私自身,0.0124
marubeni,積み重ねる,0.0116
marubeni,立つ,0.0216
marubeni,競争力,0.0149
marubeni,笑顔,0.0231
marubeni,築く,0.0124
marubeni,米国,0.0203
marubeni,約束,0.0149
marubeni,素晴らしい,0.0116
marubeni,紹介,0.0169
marubeni,組織,0.0324
marubeni,経営,0.0172
marubeni,経済,0.0231
marubeni,経済圏,0.0149
marubeni,継続,0.0149
marubeni,続ける,0.0408
marubeni,総合,0.0447
marubeni,羅針盤,0.0169
marubeni,群れ,0.0337
marubeni,職業,0.0169
marubeni,背景,0.0149
marubeni,脅威,0.0169
marubeni,脱炭素,0.0124
marubeni,自ら,0.1181
marubeni,自分,0.0124
marubeni,自分自身,0.0169
marubeni,自己,0.0124
marubeni,融合,0.0149
marubeni,要因,0.0149
marubeni,要素,0.0135
marubeni,見える,0.0124
marubeni,見極める,0.0149
marubeni,規定,0.0169
marubeni,規律,0.0596
marubeni,視座,0.0169
marubeni,言える,0.0135
marubeni,言葉,0.027
marubeni,訪れる,0.0169
marubeni,読み方,0.0169
marubeni,読む,0.0169
marubeni,象徴,0.0405
marubeni,資本,0.0124
marubeni,資源,0.0249
marubeni,超える,0.0648
marubeni,足場,0.0337
marubeni,踏みしめる,0.0169
marubeni,踏み出す,0.0108
marubeni,込める,0.027
marubeni,迷う,0.0149
marubeni,追い風,0.0337
marubeni,追求,0.0811
marubeni,通す,0.0135
marubeni,通ずる,0.0298
marubeni,通貨,0.0169
marubeni,通過,0.0149
marubeni,連続,0.027
marubeni,連綿,0.0169
marubeni,進む,0.0384
marubeni,進化,0.0082
marubeni,遅延,0.0169
marubeni,過去,0.0497
marubeni,道のり,0.0169
marubeni,道筋,0.0447
marubeni,配分,0.0149
marubeni,重ねる,0.0116
marubeni,重心,0.0169
marubeni,重要,0.0312
marubeni,鉄治郎,0.0169
marubeni,鉱物,0.0135
marubeni,開始,0.0108
marubeni,関税,0.0108
marubeni,集中,0.0135
marubeni,集合体,0.0169
marubeni,需給,0.0506
marubeni,順番,0.0169
marubeni,願う,0.0259
marubeni,飛躍,0.0116
marubeni,飛躍的,0.0249
marubeni,駆ける,0.0149
marubeni,駆け上がる,0.0675
marubeni,駆け抜ける,0.0135
marubeni,高まり,0.0135
marubeni,高み,0.253
mitsubishi-corp,ai,0.1495
mitsubishi-corp,defines,0.0461
mitsubishi-corp,dna,0.0408
mitsubishi-corp,everything,0.0461
mitsubishi-corp,it,0.037
mitsubishi-corp,setting,0.0461
mitsubishi-corp,あたる,0.0448
mitsubishi-corp,うま,0.0408
mitsubishi-corp,おめでとう,0.0248
mitsubishi-corp,きっかけ,0.0461
mitsubishi-corp,しげく,0.0461
mitsubishi-corp,とも,0.0195
mitsubishi-corp,とらえる,0.0815
mitsubishi-corp,なか,0.0461
mitsubishi-corp,なぞる,0.0461
mitsubishi-corp,ふさわしい,0.0408
mitsubishi-corp,まつ,0.0461
mitsubishi-corp,めぐる,0.0408
mitsubishi-corp,もたらす,0.0296
mitsubishi-corp,よる,0.0558
mitsubishi-corp,アメリカ,0.0923
mitsubishi-corp,インターネット,0.0408
mitsubishi-corp,エネ,0.0461
mitsubishi-corp,エネルギー,0.0833
mitsubishi-corp,カ月,0.0461
mitsubishi-corp,キーワード,0.0461
mitsubishi-corp,サプライチェーン,0.1223
mitsubishi-corp,スタート,0.0448
mitsubishi-corp,ステージ,0.0296
mitsubishi-corp,スピード,0.1182
mitsubishi-corp,チャイナ,0.0461
mitsubishi-corp,チャンス,0.0316
mitsubishi-corp,ツール,0.037
mitsubishi-corp,デジタル,0.0448
mitsubishi-corp,トランプ大統領,0.0408
mitsubishi-corp,ビジネス,0.0236
mitsubishi-corp,フェーズ,0.037
mitsubishi-corp,プレゼンス,0.0923
mitsubishi-corp,ベネズエラ,0.0408
mitsubishi-corp,ポートフォリオ,0.0408
mitsubishi-corp,ユースケース,0.037
mitsubishi-corp,リラックス,0.0461
mitsubishi-corp,ルール,0.037
mitsubishi-corp,レアアース,0.0461
mitsubishi-corp,一丸,0.0296
mitsubishi-corp,一人ひとり,0.0224
mitsubishi-corp,一定,0.034
mitsubishi-corp,一段,0.0815
mitsubishi-corp,三菱商事,0.0461
mitsubishi-corp,不安,0.0408
mitsubishi-corp,与える,0.0408
mitsubishi-corp,世界,0.1168
mitsubishi-corp,丙午,0.034
mitsubishi-corp,中国,0.1848
mitsubishi-corp,交える,0.0461
mitsubishi-corp,人材,0.0408
mitsubishi-corp,今日,0.0461
mitsubishi-corp,任せる,0.0461
mitsubishi-corp,伝える,0.0296
mitsubishi-corp,価値観,0.0408
mitsubishi-corp,保護主義的,0.0408
mitsubishi-corp,信ずる,0.0408
mitsubishi-corp,個人,0.0316
mitsubishi-corp,先頭,0.0461
mitsubishi-corp,入る,0.034
mitsubishi-corp,全体,0.0195
mitsubishi-corp,全員,0.0296
mitsubishi-corp,全社,0.0316
mitsubishi-corp,公表,0.0632
mitsubishi-corp,共有,0.0296
mitsubishi-corp,具体的,0.0316
mitsubishi-corp,冒頭,0.0408
mitsubishi-corp,分断,0.0408
mitsubishi-corp,分野,0.0641
mitsubishi-corp,判断,0.0408
mitsubishi-corp,到達,0.0408
mitsubishi-corp,前進,0.0632
mitsubishi-corp,創る,0.037
mitsubishi-corp,力強い,0.0632
mitsubishi-corp,加える,0.0497
mitsubishi-corp,努力,0.034
mitsubishi-corp,効果,0.0408
mitsubishi-corp,効率化,0.034
mitsubishi-corp,効率性,0.0461
mitsubishi-corp,勉強,0.0461
mitsubishi-corp,動かす,0.037
mitsubishi-corp,動き,0.0739
mitsubishi-corp,動く,0.0408
mitsubishi-corp,勿論,0.0461
mitsubishi-corp,協調,0.037
mitsubishi-corp,単なる,0.034
mitsubishi-corp,即する,0.0461
mitsubishi-corp,原動力,0.037
mitsubishi-corp,原点,0.0316
mitsubishi-corp,及ぼす,0.037
mitsubishi-corp,友人,0.0461
mitsubishi-corp,収益力,0.0461
mitsubishi-corp,取り組み,0.0224
mitsubishi-corp,取る,0.0408
mitsubishi-corp,受け止める,0.0408
mitsubishi-corp,受け身,0.0461
mitsubishi-corp,各国,0.034
mitsubishi-corp,同時,0.0408
mitsubishi-corp,向かう,0.0316
mitsubishi-corp,向き,0.0923
mitsubishi-corp,向き合う,0.037
mitsubishi-corp,向ける,0.0389
mitsubishi-corp,周囲,0.0408
mitsubishi-corp,品質,0.0316
mitsubishi-corp,国家,0.0739
mitsubishi-corp,国際,0.0632
mitsubishi-corp,地域,0.0248
mitsubishi-corp,地政学,0.0278
mitsubishi-corp,地道,0.0923
mitsubishi-corp,基幹,0.0461
mitsubishi-corp,増す,0.0739
mitsubishi-corp,変わりゆく,0.0408
mitsubishi-corp,変化,0.1834
mitsubishi-corp,外部,0.0408
mitsubishi-corp,多数,0.0461
mitsubishi-corp,大きい,0.0632
mitsubishi-corp,大きな,0.0178
mitsubishi-corp,大国,0.0461
mitsubishi-corp,好奇心,0.0408
mitsubishi-corp,始め,0.0408
mitsubishi-corp,始める,0.0408
mitsubishi-corp,始動,0.0408
mitsubishi-corp,姿勢,0.102
mitsubishi-corp,存在感,0.0461
mitsubishi-corp,学び,0.0408
mitsubishi-corp,定義,0.0739
mitsubishi-corp,定量目標,0.0461
mitsubishi-corp,実施,0.0316
mitsubishi-corp,実行,0.0556
mitsubishi-corp,実装,0.0632
mitsubishi-corp,家族,0.0278
mitsubishi-corp,対する,0.0316
mitsubishi-corp,将来,0.0316
mitsubishi-corp,就く,0.0461
mitsubishi-corp,展開,0.0262
mitsubishi-corp,左右,0.1384
mitsubishi-corp,差別化,0.0408
mitsubishi-corp,巻き込む,0.0461
mitsubishi-corp,幕開け,0.0461
mitsubishi-corp,干支,0.0316
mitsubishi-corp,年度,0.0236
mitsubishi-corp,年末年始,0.037
mitsubishi-corp,引き上げる,0.0408
mitsubishi-corp,引き受ける,0.0461
mitsubishi-corp,引く,0.0461
mitsubishi-corp,弱体化,0.0461
mitsubishi-corp,強い,0.0943
mitsubishi-corp,強烈,0.0461
mitsubishi-corp,強靭,0.037
mitsubishi-corp,影響,0.0632
mitsubishi-corp,役職,0.0461
mitsubishi-corp,後れ,0.0461
mitsubishi-corp,心掛ける,0.0461
mitsubishi-corp,必要,0.0556
mitsubishi-corp,情報,0.0591
mitsubishi-corp,惜しむ,0.0461
mitsubishi-corp,想い,0.034
mitsubishi-corp,想定,0.0408
mitsubishi-corp,意識,0.1182
mitsubishi-corp,感じ取る,0.0461
mitsubishi-corp,感ずる,0.0787
mitsubishi-corp,成否,0.0923
mitsubishi-corp,成果,0.0236
mitsubishi-corp,成長性,0.0408
mitsubishi-corp,戦略,0.1667
mitsubishi-corp,戦略的,0.0408
mitsubishi-corp,手ごたえ,0.0461
mitsubishi-corp,技術力,0.037
mitsubishi-corp,招く,0.0408
mitsubishi-corp,持つ,0.0471
mitsubishi-corp,持続的,0.0556
mitsubishi-corp,挙げる,0.0461
mitsubishi-corp,振り返る,0.0278
mitsubishi-corp,振れ幅,0.0461
mitsubishi-corp,捉える,0.068
mitsubishi-corp,掲げる,0.0591
mitsubishi-corp,政策,0.0316
mitsubishi-corp,新しい,0.0214
mitsubishi-corp,施策,0.068
mitsubishi-corp,既存,0.0316
mitsubishi-corp,日々,0.037
mitsubishi-corp,旧年,0.0461
mitsubishi-corp,早々,0.0408
mitsubishi-corp,早い,0.0316
mitsubishi-corp,明ける,0.0316
mitsubishi-corp,明確,0.037
mitsubishi-corp,昨年末,0.0408
mitsubishi-corp,時代,0.0448
mitsubishi-corp,時機,0.0461
mitsubishi-corp,時間,0.0739
mitsubishi-corp,時間軸,0.0461
mitsubishi-corp,普及,0.0408
mitsubishi-corp,最初,0.0408
mitsubishi-corp,最大,0.037
mitsubishi-corp,最大限,0.034
mitsubishi-corp,最後,0.0236
mitsubishi-corp,望める,0.0461
mitsubishi-corp,本格,0.0461
mitsubishi-corp,柔軟,0.068
mitsubishi-corp,業界,0.0461
mitsubishi-corp,楽しみ,0.0461
mitsubishi-corp,構想,0.037
mitsubishi-corp,模索,0.0461
mitsubishi-corp,機会,0.0262
mitsubishi-corp,機能,0.068
mitsubishi-corp,次第,0.0461
mitsubishi-corp,正しい,0.037
mitsubishi-corp,武器,0.0461
mitsubishi-corp,歩む,0.0408
mitsubishi-corp,求める,0.034
mitsubishi-corp,決意,0.0739
mitsubishi-corp,決断,0.0461
mitsubishi-corp,波及,0.0461
mitsubishi-corp,注視,0.0461
mitsubishi-corp,活かす,0.037
mitsubishi-corp,深い,0.034
mitsubishi-corp,深める,0.0461
mitsubishi-corp,特性,0.0461
mitsubishi-corp,状況,0.0278
mitsubishi-corp,状況下,0.0408
mitsubishi-corp,現場,0.0497
mitsubishi-corp,理由,0.0408
mitsubishi-corp,環境,0.0943
mitsubishi-corp,生きる,0.0461
mitsubishi-corp,生み出す,0.0316
mitsubishi-corp,生成ai,0.0262
mitsubishi-corp,発想,0.0739
mitsubishi-corp,発揮,0.034
mitsubishi-corp,発表,0.037
mitsubishi-corp,目の当たり,0.037
mitsubishi-corp,目標,0.0296
mitsubishi-corp,目標達成,0.0461
mitsubishi-corp,直す,0.0461
mitsubishi-corp,直前,0.0461
mitsubishi-corp,相互,0.0408
mitsubishi-corp,着実,0.0248
mitsubishi-corp,石油,0.0461
mitsubishi-corp,確か,0.0408
mitsubishi-corp,確信,0.068
mitsubishi-corp,確実,0.0591
mitsubishi-corp,確実性,0.0461
mitsubishi-corp,磨く,0.0632
mitsubishi-corp,示す,0.0787
mitsubishi-corp,私自身,0.068
mitsubishi-corp,秩序,0.0815
mitsubishi-corp,稼ぐ,0.0739
mitsubishi-corp,積み重ね,0.0461
mitsubishi-corp,積極的,0.0296
mitsubishi-corp,穏やか,0.0461
mitsubishi-corp,立ち位置,0.0923
mitsubishi-corp,立ち向かう,0.0461
mitsubishi-corp,立ち戻る,0.0461
mitsubishi-corp,立つ,0.0296
mitsubishi-corp,競争力,0.0408
mitsubishi-corp,競合他社,0.0461
mitsubishi-corp,答え,0.0461
mitsubishi-corp,米国,0.0278
mitsubishi-corp,粘り強い,0.0461
mitsubishi-corp,紛争,0.0461
mitsubishi-corp,組み合わせる,0.0408
mitsubishi-corp,組織,0.0887
mitsubishi-corp,組織改編,0.0461
mitsubishi-corp,経営,0.1178
mitsubishi-corp,結果,0.0408
mitsubishi-corp,続く,0.0316
mitsubishi-corp,続ける,0.093
mitsubishi-corp,緊張感,0.0923
mitsubishi-corp,総合力,0.037
mitsubishi-corp,緩める,0.0461
mitsubishi-corp,考察,0.0461
mitsubishi-corp,聞く,0.034
mitsubishi-corp,育成,0.0461
mitsubishi-corp,脱炭素,0.034
mitsubishi-corp,自分,0.068
mitsubishi-corp,自分事,0.0923
mitsubishi-corp,自国,0.0461
mitsubishi-corp,自身,0.0316
mitsubishi-corp,至る,0.0461
mitsubishi-corp,英気,0.0461
mitsubishi-corp,行く,0.037
mitsubishi-corp,行動,0.0833
mitsubishi-corp,行動力,0.0408
mitsubishi-corp,衝撃,0.0461
mitsubishi-corp,製品,0.037
mitsubishi-corp,製造業,0.037
mitsubishi-corp,見える,0.034
mitsubishi-corp,見つめる,0.0461
mitsubishi-corp,見据える,0.0408
mitsubishi-corp,見極める,0.0408
mitsubishi-corp,見直す,0.0408
mitsubishi-corp,見込む,0.037
mitsubishi-corp,観点,0.0408
mitsubishi-corp,触れる,0.0408
mitsubishi-corp,訪問,0.0461
mitsubishi-corp,認識,0.0815
mitsubishi-corp,課題,0.0745
mitsubishi-corp,象徴,0.037
mitsubishi-corp,資源,0.034
mitsubishi-corp,起きる,0.1223
mitsubishi-corp,踏み出す,0.0296
mitsubishi-corp,軍事,0.037
mitsubishi-corp,輩出,0.0461
mitsubishi-corp,込める,0.037
mitsubishi-corp,近年,0.0461
mitsubishi-corp,追求,0.037
mitsubishi-corp,通う,0.0461
mitsubishi-corp,通ずる,0.0407
mitsubishi-corp,通り,0.0923
mitsubishi-corp,通商,0.037
mitsubishi-corp,速まる,0.0461
mitsubishi-corp,進む,0.0524
mitsubishi-corp,進化,0.0224
mitsubishi-corp,進展,0.034
mitsubishi-corp,進行形,0.0461
mitsubishi-corp,過ごす,0.037
mitsubishi-corp,選択,0.0461
mitsubishi-corp,重ねる,0.0316
mitsubishi-corp,重要,0.0641
mitsubishi-corp,鉱物,0.037
mitsubishi-corp,開始,0.0296
mitsubishi-corp,関与,0.0461
mitsubishi-corp,関係,0.0316
mitsubishi-corp,関税,0.0296
mitsubishi-corp,際する,0.0461
mitsubishi-corp,電力,0.037
mitsubishi-corp,電気,0.0461
mitsubishi-corp,領域,0.0887
mitsubishi-corp,願う,0.0236
mitsubishi-corp,顧客,0.034
mitsubishi-corp,養う,0.0461
mitsubishi-corp,駆け引き,0.0461
mitsubishi-corp,駆け抜ける,0.037
mitsubishi-corp,驚かす,0.0461
mitsubishi-corp,高い,0.0887
mitsubishi-corp,高さ,0.0461
mitsubishi-corp,高める,0.0887
mitsubishi-materials,no,0.0785
mitsubishi-materials,phase,0.0444
mitsubishi-materials,rc,0.0889
mitsubishi-materials,scrap,0.1778
mitsubishi-materials,tc,0.0889
mitsubishi-materials,あたる,0.0216
mitsubishi-materials,それぞれ,0.0609
mitsubishi-materials,つながる,0.0304
mitsubishi-materials,とる,0.0179
mitsubishi-materials,ほか,0.0356
mitsubishi-materials,よる,0.0358
mitsubishi-materials,アロケーション,0.0444
mitsubishi-materials,エネルギー,0.0803
mitsubishi-materials,キャッシュ,0.0785
mitsubishi-materials,キャピタル,0.0444
mitsubishi-materials,グローバル,0.0239
mitsubishi-materials,コーポレート,0.0785
mitsubishi-materials,サポート,0.0393
mitsubishi-materials,サービス,0.0253
mitsubishi-materials,スタート,0.0216
mitsubishi-materials,スピード感,0.0393
mitsubishi-materials,スリム,0.0444
mitsubishi-materials,タングステン,0.0444
mitsubishi-materials,チェーン,0.0393
mitsubishi-materials,デザイン,0.0393
mitsubishi-materials,デジタル,0.0216
mitsubishi-materials,トップクラス,0.0444
mitsubishi-materials,バリュー,0.0356
mitsubishi-materials,ビジネス,0.1135
mitsubishi-materials,ビジネスモデル,0.0393
mitsubishi-materials,フロー,0.0393
mitsubishi-materials,マテリアル,0.0444
mitsubishi-materials,マージン,0.0444
mitsubishi-materials,リサイクル,0.1333
mitsubishi-materials,一丸,0.0285
mitsubishi-materials,一人ひとり,0.0432
mitsubishi-materials,一度,0.0393
mitsubishi-materials,一致,0.0393
mitsubishi-materials,上回る,0.0356
mitsubishi-materials,下回る,0.0444
mitsubishi-materials,不可欠,0.0356
mitsubishi-materials,世界,0.075
mitsubishi-materials,両立,0.0356
mitsubishi-materials,中心,0.0304
mitsubishi-materials,中期,0.0712
mitsubishi-materials,中核,0.0356
mitsubishi-materials,予測,0.0328
mitsubishi-materials,仕事,0.0655
mitsubishi-materials,他社,0.0356
mitsubishi-materials,以降,0.0444
mitsubishi-materials,会社,0.0253
mitsubishi-materials,伸銅品,0.0444
mitsubishi-materials,低下,0.0444
mitsubishi-materials,体制,0.0712
mitsubishi-materials,供給量,0.0444
mitsubishi-materials,促進,0.0393
mitsubishi-materials,保有,0.0444
mitsubishi-materials,倍増,0.0393
mitsubishi-materials,優先的,0.0444
mitsubishi-materials,全て,0.0356
mitsubishi-materials,全員,0.0285
mitsubishi-materials,全社,0.0304
mitsubishi-materials,公表,0.0304
mitsubishi-materials,共同,0.0444
mitsubishi-materials,具体的,0.0304
mitsubishi-materials,再生,0.1333
mitsubishi-materials,処理,0.2222
mitsubishi-materials,切る,0.0304
mitsubishi-materials,割り振る,0.0444
mitsubishi-materials,創る,0.0712
mitsubishi-materials,創出,0.0239
mitsubishi-materials,加える,0.0478
mitsubishi-materials,加速,0.0648
mitsubishi-materials,動かす,0.0356
mitsubishi-materials,動き,0.0356
mitsubishi-materials,半導体,0.0444
mitsubishi-materials,単なる,0.0328
mitsubishi-materials,原動力,0.0356
mitsubishi-materials,原料,0.1333
mitsubishi-materials,及ぼす,0.0356
mitsubishi-materials,収益,0.0328
mitsubishi-materials,収益性,0.0785
mitsubishi-materials,取り巻く,0.0356
mitsubishi-materials,取り組み,0.0216
mitsubishi-materials,可能,0.131
mitsubishi-materials,向かう,0.0304
mitsubishi-materials,問う,0.0785
mitsubishi-materials,営業,0.0328
mitsubishi-materials,営業部門,0.0444
mitsubishi-materials,団結,0.0444
mitsubishi-materials,囲い込み,0.0444
mitsubishi-materials,国際競争力,0.0444
mitsubishi-materials,地域,0.0239
mitsubishi-materials,地球,0.0393
mitsubishi-materials,培う,0.0393
mitsubishi-materials,基づく,0.0356
mitsubishi-materials,基盤,0.0253
mitsubishi-materials,増加,0.0356
mitsubishi-materials,売却,0.0444
mitsubishi-materials,変わり,0.0444
mitsubishi-materials,変化,0.0196
mitsubishi-materials,大きい,0.0304
mitsubishi-materials,大きな,0.0172
mitsubishi-materials,大幅,0.0393
mitsubishi-materials,存在,0.0478
mitsubishi-materials,安定,0.1178
mitsubishi-materials,実行,0.0268
mitsubishi-materials,家電,0.0444
mitsubishi-materials,容易,0.0393
mitsubishi-materials,対象,0.0393
mitsubishi-materials,将来,0.0304
mitsubishi-materials,局面,0.0393
mitsubishi-materials,展開,0.0505
mitsubishi-materials,市況,0.0393
mitsubishi-materials,年度,0.0681
mitsubishi-materials,廃棄物,0.0444
mitsubishi-materials,延長線,0.0444
mitsubishi-materials,引き続く,0.0609
mitsubishi-materials,強い,0.0227
mitsubishi-materials,強まる,0.0393
mitsubishi-materials,強み,0.0535
mitsubishi-materials,強力,0.0393
mitsubishi-materials,当事者,0.0444
mitsubishi-materials,当初,0.0444
mitsubishi-materials,影響,0.0304
mitsubishi-materials,役割,0.0983
mitsubishi-materials,後押し,0.0785
mitsubishi-materials,循環,0.2356
mitsubishi-materials,必要,0.0268
mitsubishi-materials,情熱,0.0609
mitsubishi-materials,想定,0.0393
mitsubishi-materials,意識,0.0285
mitsubishi-materials,成し遂げる,0.0356
mitsubishi-materials,戦う,0.0444
mitsubishi-materials,戦略,0.0803
mitsubishi-materials,技術力,0.0356
mitsubishi-materials,投資,0.0253
mitsubishi-materials,抜本的,0.0889
mitsubishi-materials,担う,0.0655
mitsubishi-materials,拠点,0.0393
mitsubishi-materials,持つ,0.0908
mitsubishi-materials,持続,0.0356
mitsubishi-materials,持続可能性,0.0393
mitsubishi-materials,挑戦,0.0562
mitsubishi-materials,振り返る,0.0268
mitsubishi-materials,支える,0.0454
mitsubishi-materials,改革,0.0655
mitsubishi-materials,整える,0.0444
mitsubishi-materials,新設,0.0444
mitsubishi-materials,施策,0.0655
mitsubishi-materials,既存,0.0304
mitsubishi-materials,最前線,0.0393
mitsubishi-materials,最大限,0.0655
mitsubishi-materials,最終,0.0268
mitsubishi-materials,有する,0.0785
mitsubishi-materials,期待,0.0285
mitsubishi-materials,未来,0.0785
mitsubishi-materials,本格的,0.0328
mitsubishi-materials,本社,0.0785
mitsubishi-materials,果たす,0.0444
mitsubishi-materials,業務,0.0535
mitsubishi-materials,構築,0.0505
mitsubishi-materials,構造,0.0356
mitsubishi-materials,権益,0.0444
mitsubishi-materials,機会,0.0505
mitsubishi-materials,機能,0.0328
mitsubishi-materials,欠かせる,0.0356
mitsubishi-materials,欧州,0.0889
mitsubishi-materials,求める,0.0655
mitsubishi-materials,決意,0.0356
mitsubishi-materials,活かせる,0.0444
mitsubishi-materials,活動,0.0253
mitsubishi-materials,活用,0.0227
mitsubishi-materials,深刻,0.0393
mitsubishi-materials,状況,0.0803
mitsubishi-materials,状況下,0.0785
mitsubishi-materials,現場,0.0478
mitsubishi-materials,現状,0.0356
mitsubishi-materials,環境,0.0227
mitsubishi-materials,生産,0.0328
mitsubishi-materials,産業,0.0328
mitsubishi-materials,発生,0.0712
mitsubishi-materials,相手,0.0393
mitsubishi-materials,確信,0.0328
mitsubishi-materials,確実,0.0285
mitsubishi-materials,磨く,0.0609
mitsubishi-materials,示す,0.0253
mitsubishi-materials,社会的,0.0444
mitsubishi-materials,私自身,0.0328
mitsubishi-materials,立てる,0.0356
mitsubishi-materials,立場,0.0393
mitsubishi-materials,策定,0.0268
mitsubishi-materials,米国,0.0535
mitsubishi-materials,精鉱,0.2222
mitsubishi-materials,組織,0.0285
mitsubishi-materials,経営,0.1135
mitsubishi-materials,経済的,0.0444
mitsubishi-materials,統合,0.0444
mitsubishi-materials,継続,0.0393
mitsubishi-materials,続ける,0.0896
mitsubishi-materials,維持,0.0609
mitsubishi-materials,縮小,0.0444
mitsubishi-materials,能力,0.0356
mitsubishi-materials,脱炭素,0.0655
mitsubishi-materials,自動車,0.0356
mitsubishi-materials,自給率,0.0444
mitsubishi-materials,自身,0.0913
mitsubishi-materials,行動,0.0268
mitsubishi-materials,製品,0.178
mitsubishi-materials,製造,0.0444
mitsubishi-materials,製錬,0.1778
mitsubishi-materials,見直し,0.0444
mitsubishi-materials,見込む,0.0356
mitsubishi-materials,規律,0.0393
mitsubishi-materials,調達,0.0444
mitsubishi-materials,財務,0.0393
mitsubishi-materials,買鉱,0.0444
mitsubishi-materials,資源,0.2948
mitsubishi-materials,資金,0.0444
mitsubishi-materials,超える,0.0285
mitsubishi-materials,超硬,0.0889
mitsubishi-materials,踏まえる,0.0328
mitsubishi-materials,転換,0.0393
mitsubishi-materials,迫る,0.0444
mitsubishi-materials,通ずる,0.0393
mitsubishi-materials,進展,0.0328
mitsubishi-materials,達成,0.0609
mitsubishi-materials,部署,0.0444
mitsubishi-materials,部門,0.1571
mitsubishi-materials,配分,0.0393
mitsubishi-materials,重点的,0.0444
mitsubishi-materials,重要,0.0823
mitsubishi-materials,重要性,0.0328
mitsubishi-materials,鉱物,0.0356
mitsubishi-materials,長期的,0.0444
mitsubishi-materials,開発部門,0.0444
mitsubishi-materials,関連,0.0328
mitsubishi-materials,限り,0.0785
mitsubishi-materials,集約,0.0444
mitsubishi-materials,集荷,0.0444
mitsubishi-materials,電力,0.0356
mitsubishi-materials,需要,0.0356
mitsubishi-materials,高まる,0.0304
mitsubishi-materials,高機能,0.0889
mitsui-es,rolling,0.1246
mitsui-es,vision,0.1101
mitsui-es,あたる,0.0303
mitsui-es,うってつけ,0.0623
mitsui-es,さま,0.1126
mitsui-es,さらなる,0.0499
mitsui-es,たち,0.0551
mitsui-es,とおり,0.0623
mitsui-es,とも,0.0263
mitsui-es,とる,0.0754
mitsui-es,ぶり,0.0623
mitsui-es,もと,0.0427
mitsui-es,よし,0.0623
mitsui-es,よる,0.0503
mitsui-es,エネルギー,0.0375
mitsui-es,エンジニアリング,0.0499
mitsui-es,グランドデザイン,0.0623
mitsui-es,コンプライアンス,0.0499
mitsui-es,サポート,0.0551
mitsui-es,サービス,0.0354
mitsui-es,ステークホルダー,0.128
mitsui-es,セルフ,0.0623
mitsui-es,セルフケア,0.0623
mitsui-es,チェック,0.0623
mitsui-es,トランプ大統領,0.0551
mitsui-es,ハラスメント,0.0623
mitsui-es,ビジョン,0.0427
mitsui-es,フェーズ,0.0499
mitsui-es,メンタルヘルス,0.0623
mitsui-es,リスク,0.1197
mitsui-es,ルール,0.0998
mitsui-es,一丸,0.0399
mitsui-es,一人ひとり,0.0303
mitsui-es,一時,0.0623
mitsui-es,一致,0.0551
mitsui-es,三井e,0.187
mitsui-es,三方,0.1246
mitsui-es,上方,0.0623
mitsui-es,上昇,0.0623
mitsui-es,不透明,0.0499
mitsui-es,世界,0.0263
mitsui-es,世界的,0.0623
mitsui-es,世間,0.0623
mitsui-es,丙午,0.0919
mitsui-es,中核,0.0499
mitsui-es,中間,0.0998
mitsui-es,予測,0.0459
mitsui-es,事項,0.0623
mitsui-es,交代,0.0623
mitsui-es,人的資本経営,0.0623
mitsui-es,今後,0.0459
mitsui-es,企業価値,0.0623
mitsui-es,企業理念,0.0551
mitsui-es,伸長,0.0623
mitsui-es,体現,0.0499
mitsui-es,価格競争,0.0623
mitsui-es,信頼,0.0671
mitsui-es,信頼性,0.0551
mitsui-es,信頼関係,0.0623
mitsui-es,修正,0.0623
mitsui-es,停滞,0.0623
mitsui-es,入る,0.0459
mitsui-es,全て,0.0499
mitsui-es,全体,0.0526
mitsui-es,公表,0.0427
mitsui-es,冒頭,0.0551
mitsui-es,分野,0.0288
mitsui-es,切り開く,0.0499
mitsui-es,利益,0.1498
mitsui-es,刻む,0.0623
mitsui-es,前例,0.0551
mitsui-es,前年,0.0551
mitsui-es,前進,0.0427
mitsui-es,創出,0.0335
mitsui-es,加える,0.0671
mitsui-es,勢い,0.0459
mitsui-es,協調,0.0499
mitsui-es,危険,0.0551
mitsui-es,取引先,0.0499
mitsui-es,各種,0.0551
mitsui-es,同期,0.0623
mitsui-es,向ける,0.0526
mitsui-es,哲学,0.0551
mitsui-es,商人,0.0551
mitsui-es,営業,0.1378
mitsui-es,回復,0.0499
mitsui-es,国際,0.0427
mitsui-es,国際的,0.0551
mitsui-es,地政学,0.0375
mitsui-es,基本的,0.0623
mitsui-es,基盤,0.0708
mitsui-es,基調,0.0623
mitsui-es,増加,0.0499
mitsui-es,増配,0.0623
mitsui-es,売り手,0.0623
mitsui-es,売上高,0.0551
mitsui-es,変動,0.0499
mitsui-es,変化,0.0826
mitsui-es,大きな,0.0481
mitsui-es,女性,0.0551
mitsui-es,姿勢,0.1378
mitsui-es,存在,0.0335
mitsui-es,守る,0.0551
mitsui-es,安全,0.0637
mitsui-es,実施,0.0853
mitsui-es,実行,0.0375
mitsui-es,対する,0.0427
mitsui-es,小さな,0.0623
mitsui-es,帯びる,0.0623
mitsui-es,干支,0.0427
mitsui-es,年初,0.0623
mitsui-es,年度,0.0637
mitsui-es,強い,0.0318
mitsui-es,当期純利益,0.0623
mitsui-es,従業員,0.0623
mitsui-es,徹底,0.0998
mitsui-es,心がける,0.0623
mitsui-es,怠る,0.0623
mitsui-es,恐れる,0.0551
mitsui-es,情報漏洩,0.0623
mitsui-es,情熱,0.0427
mitsui-es,意識,0.0399
mitsui-es,感ずる,0.0354
mitsui-es,懸念,0.0623
mitsui-es,成し遂げる,0.0499
mitsui-es,成り立つ,0.0623
mitsui-es,成果,0.0318
mitsui-es,成長性,0.0551
mitsui-es,戦略,0.0375
mitsui-es,打破,0.0623
mitsui-es,投資,0.0354
mitsui-es,担う,0.0459
mitsui-es,持続性,0.0623
mitsui-es,持続的,0.0751
mitsui-es,挑戦,0.0526
mitsui-es,捉われる,0.0623
mitsui-es,掲げる,0.0798
mitsui-es,支える,0.0637
mitsui-es,政権,0.1246
mitsui-es,政策,0.0427
mitsui-es,新しい,0.0288
mitsui-es,新生,0.0551
mitsui-es,新規,0.0499
mitsui-es,既存,0.0427
mitsui-es,日々,0.0998
mitsui-es,日本,0.0335
mitsui-es,日本初,0.0623
mitsui-es,早期,0.0623
mitsui-es,明確,0.0499
mitsui-es,最低限,0.0623
mitsui-es,最優先,0.0551
mitsui-es,最大限,0.0459
mitsui-es,未然,0.0623
mitsui-es,果敢,0.0459
mitsui-es,株価,0.0623
mitsui-es,業務,0.0751
mitsui-es,歩む,0.0551
mitsui-es,歴史的,0.0551
mitsui-es,水準,0.0499
mitsui-es,決算,0.0551
mitsui-es,法令,0.0551
mitsui-es,注力,0.0459
mitsui-es,活動,0.0354
mitsui-es,浮き彫り,0.0623
mitsui-es,消費,0.0551
mitsui-es,満ちる,0.0427
mitsui-es,激化,0.0623
mitsui-es,為替,0.0623
mitsui-es,物価高,0.0623
mitsui-es,状況,0.0375
mitsui-es,現状,0.0499
mitsui-es,環境,0.0318
mitsui-es,発動,0.0623
mitsui-es,発揮,0.0459
mitsui-es,発見,0.0623
mitsui-es,相互,0.0551
mitsui-es,着実,0.0671
mitsui-es,確実,0.0399
mitsui-es,確立,0.0551
mitsui-es,示す,0.0708
mitsui-es,社員,0.0263
mitsui-es,積極的,0.0399
mitsui-es,策定,0.0375
mitsui-es,節目,0.0427
mitsui-es,築く,0.0459
mitsui-es,米国,0.0375
mitsui-es,約束,0.1101
mitsui-es,経営,0.0318
mitsui-es,経常利益,0.0623
mitsui-es,経済,0.0853
mitsui-es,続く,0.0427
mitsui-es,続ける,0.0503
mitsui-es,維持,0.0427
mitsui-es,緩やか,0.0623
mitsui-es,織り込む,0.0623
mitsui-es,習慣,0.0623
mitsui-es,職場,0.0551
mitsui-es,自身,0.0427
mitsui-es,良し,0.1246
mitsui-es,行う,0.0499
mitsui-es,行動,0.0751
mitsui-es,衛生,0.0623
mitsui-es,衝突,0.0623
mitsui-es,見逃す,0.0623
mitsui-es,見通し,0.0551
mitsui-es,計画,0.0399
mitsui-es,話す,0.0459
mitsui-es,誕生,0.0499
mitsui-es,誠実,0.0427
mitsui-es,課題,0.0335
mitsui-es,責務,0.0623
mitsui-es,買い手,0.0623
mitsui-es,起きる,0.0551
mitsui-es,超える,0.0399
mitsui-es,踏まえる,0.0459
mitsui-es,軍事,0.0499
mitsui-es,転換点,0.0551
mitsui-es,迎える,0.0577
mitsui-es,近江,0.0623
mitsui-es,通ずる,0.0275
mitsui-es,通商,0.0499
mitsui-es,通期,0.0551
mitsui-es,連続,0.0499
mitsui-es,進化,0.0303
mitsui-es,遂げる,0.0459
mitsui-es,達成,0.0853
mitsui-es,適切,0.187
mitsui-es,遵守,0.0551
mitsui-es,配当,0.0623
mitsui-es,醸成,0.1101
mitsui-es,重要,0.0288
mitsui-es,関わりあう,0.0623
mitsui-es,関税,0.0399
mitsui-es,防ぐ,0.0623
mitsui-es,防止,0.1101
mitsui-es,難しさ,0.0623
mitsui-es,領域,0.0399
mitsui-es,願う,0.0955
mitsui-es,風土,0.1101
mitsui-es,首相,0.0499
mitsui-es,高い,0.0399
mitsui-es,高まる,0.0427
ms-japan,ai,0.2821
ms-japan,copilot,0.1524
ms-japan,pilot,0.1524
ms-japan,すべて,0.1043
ms-japan,とも,0.0643
ms-japan,とる,0.0614
ms-japan,クラウド,0.1123
ms-japan,コミットメント,0.1524
ms-japan,スキル,0.1346
ms-japan,ステークホルダー,0.1043
ms-japan,ソフト,0.1524
ms-japan,テクノロジー,0.2086
ms-japan,パートナー,0.0976
ms-japan,フロンティア,0.1524
ms-japan,マイクロソフト,0.1524
ms-japan,リーダーシップ,0.1221
ms-japan,世界,0.0643
ms-japan,人間,0.1346
ms-japan,先進的,0.1524
ms-japan,全体,0.0643
ms-japan,創立,0.1221
ms-japan,加える,0.082
ms-japan,加速,0.074
ms-japan,効果,0.1346
ms-japan,勢い,0.1123
ms-japan,協力,0.1221
ms-japan,古い,0.1524
ms-japan,周年,0.1123
ms-japan,地平,0.1524
ms-japan,大きな,0.0588
ms-japan,寿ぐ,0.1524
ms-japan,広い,0.1524
ms-japan,後押し,0.1346
ms-japan,成果,0.0778
ms-japan,拠点,0.1346
ms-japan,挑む,0.0976
ms-japan,操縦士,0.1524
ms-japan,新春,0.1346
ms-japan,日本,0.082
ms-japan,日本マイクロソフト,0.1524
ms-japan,時代,0.074
ms-japan,最大化,0.1221
ms-japan,果敢,0.1123
ms-japan,機会,0.0866
ms-japan,歴史的,0.1346
ms-japan,活動,0.0866
ms-japan,生成ai,0.0866
ms-japan,筋トレ,0.3047
ms-japan,節目,0.1043
ms-japan,米国,0.0917
ms-japan,組織,0.0976
ms-japan,結集,0.1043
ms-japan,続ける,0.0614
ms-japan,能力,0.1221
ms-japan,誕生,0.1221
ms-japan,謹む,0.0778
ms-japan,迎える,0.0705
ms-japan,通ずる,0.0673
ms-japan,連携,0.0866
ms-japan,進化,0.074
ms-japan,遂げる,0.1123
ms-japan,重要,0.0705
ms-japan,飛躍的,0.1123
nomura,あける,0.0683
nomura,おめでとう,0.0498
nomura,かける,0.0683
nomura,しれる,0.0818
nomura,たくさん,0.0818
nomura,つける,0.0683
nomura,つながる,0.0634
nomura,なり,0.1637
nomura,はず,0.0926
nomura,まま,0.0926
nomura,よる,0.0747
nomura,コミュニケーション,0.0818
nomura,チャンス,0.0634
nomura,パーパス,0.0818
nomura,一人ひとり,0.045
nomura,一緒,0.0818
nomura,世界,0.0391
nomura,事案,0.0926
nomura,会社,0.0526
nomura,伝統,0.1852
nomura,信頼,0.0498
nomura,健康,0.0634
nomura,全社,0.0634
nomura,前向き,0.0818
nomura,創り出す,0.0818
nomura,創立,0.0742
nomura,反省,0.0926
nomura,受け入れる,0.1852
nomura,合わせる,0.0634
nomura,周囲,0.0818
nomura,周年,0.0683
nomura,変わる,0.0683
nomura,変化,0.0818
nomura,多く,0.0526
nomura,多大,0.0926
nomura,大きな,0.0357
nomura,大切,0.1268
nomura,好き,0.1852
nomura,好奇心,0.0818
nomura,委ねる,0.0926
nomura,嬉しい,0.0926
nomura,学び,0.0818
nomura,守る,0.0818
nomura,実践,0.0683
nomura,容易,0.0818
nomura,対応策,0.0926
nomura,専門性,0.0818
nomura,市場,0.0558
nomura,当たり前,0.0742
nomura,得意,0.0926
nomura,心配,0.0926
nomura,情報,0.0593
nomura,成果,0.0473
nomura,持つ,0.0946
nomura,挑戦,0.2735
nomura,振り返る,0.0558
nomura,教育,0.0742
nomura,新しい,0.1286
nomura,方々,0.0683
nomura,時代,0.135
nomura,未来,0.0818
nomura,機会,0.0526
nomura,歴史,0.0634
nomura,気づく,0.0926
nomura,理想,0.0926
nomura,生み出す,0.0634
nomura,発展,0.0558
nomura,知識,0.0926
nomura,確実,0.0593
nomura,立つ,0.0593
nomura,笑顔,0.0634
nomura,策定,0.0558
nomura,節目,0.0634
nomura,続ける,0.0747
nomura,自分,0.3413
nomura,自身,0.1903
nomura,見える,0.0683
nomura,見つける,0.2779
nomura,見据える,0.0818
nomura,見通す,0.0926
nomura,誇り,0.0818
nomura,豊か,0.0593
nomura,資本,0.0683
nomura,赴く,0.0926
nomura,迎える,0.0857
nomura,近づける,0.0926
nomura,迷惑,0.0926
nomura,過ごす,0.0742
nomura,過去,0.0683
nomura,重要,0.1286
nomura,重視,0.0926
nomura,野村,0.0926
nomura,金融,0.0818
nomura,関する,0.0818
nomura,革新,0.1484
nomura,頑張る,0.0818
ntt-data,1日,0.0631
ntt-data,ai,0.2643
ntt-data,aivista,0.0714
ntt-data,ci,0.0572
ntt-data,empowered,0.1428
ntt-data,gen,0.0714
ntt-data,growth,0.0714
ntt-data,infrastructure,0.0714
ntt-data,innovation,0.0714
ntt-data,mission,0.0714
ntt-data,new,0.1428
ntt-data,next,0.0714
ntt-data,ntt,0.1372
ntt-data,nttデータグループ,0.2859
ntt-data,productivity,0.1428
ntt-data,quality,0.0714
ntt-data,responsible,0.0714
ntt-data,tob,0.0714
ntt-data,value,0.1261
ntt-data,values,0.0714
ntt-data,あたる,0.0347
ntt-data,さらなる,0.0572
ntt-data,しくみ,0.0714
ntt-data,たち,0.0631
ntt-data,とる,0.0288
ntt-data,とれる,0.1428
ntt-data,もつ,0.0978
ntt-data,もと,0.0489
ntt-data,よる,0.0864
ntt-data,イノベーション,0.1052
ntt-data,インフラ,0.0526
ntt-data,クラウド,0.0526
ntt-data,グローバル,0.1537
ntt-data,コーポレートアイデンティティ,0.0572
ntt-data,コーポレートロゴ,0.0714
ntt-data,サステナブル,0.0714
ntt-data,サービス,0.0811
ntt-data,シリコンバレー,0.0714
ntt-data,スタートアップ,0.0714
ntt-data,スピード,0.0457
ntt-data,テクノロジー,0.0489
ntt-data,テーマ,0.0631
ntt-data,デジタル,0.0347
ntt-data,データセンター,0.0714
ntt-data,ネイティブ,0.0714
ntt-data,ネットワーク,0.0489
ntt-data,パートナー,0.0457
ntt-data,ビジネス,0.1094
ntt-data,プロバイダー,0.0631
ntt-data,モデル,0.0631
ntt-data,ユニーク,0.0714
ntt-data,リード,0.0572
ntt-data,一人一人,0.0714
ntt-data,一体,0.0572
ntt-data,不可欠,0.0572
ntt-data,世界,0.0602
ntt-data,世界中,0.0457
ntt-data,中心,0.0489
ntt-data,人財,0.0631
ntt-data,今後,0.0526
ntt-data,仕組み,0.0572
ntt-data,仲間,0.0572
ntt-data,会社,0.0811
ntt-data,伴う,0.0526
ntt-data,余力,0.0714
ntt-data,使命,0.1261
ntt-data,価値観,0.1261
ntt-data,信頼,0.0384
ntt-data,信頼性,0.0631
ntt-data,先端,0.0714
ntt-data,公開,0.0714
ntt-data,共通,0.1428
ntt-data,刷新,0.1144
ntt-data,創出,0.1152
ntt-data,創造,0.0406
ntt-data,効率的,0.0714
ntt-data,原点,0.0489
ntt-data,取り組み,0.0694
ntt-data,可能,0.0526
ntt-data,合わせる,0.0489
ntt-data,同年,0.0714
ntt-data,基盤,0.0406
ntt-data,変化,0.0315
ntt-data,多様,0.0526
ntt-data,大きな,0.0275
ntt-data,子会社,0.0631
ntt-data,存在,0.0384
ntt-data,安全,0.0365
ntt-data,完全,0.0631
ntt-data,定義,0.0572
ntt-data,実用化,0.0714
ntt-data,実装,0.0489
ntt-data,寄与,0.0714
ntt-data,展開,0.0811
ntt-data,市場,0.043
ntt-data,役割,0.0526
ntt-data,忘れる,0.0714
ntt-data,情報,0.0457
ntt-data,意志,0.0714
ntt-data,成果,0.1094
ntt-data,成立,0.0631
ntt-data,技術,0.1829
ntt-data,投資,0.0406
ntt-data,担う,0.0526
ntt-data,持続,0.0572
ntt-data,持続的,0.086
ntt-data,指針,0.0631
ntt-data,挑む,0.0457
ntt-data,据える,0.0572
ntt-data,掛け合わせる,0.0572
ntt-data,掲げる,0.0457
ntt-data,提言,0.0714
ntt-data,支える,0.0365
ntt-data,新しい,0.033
ntt-data,日本国内,0.0714
ntt-data,明確,0.0572
ntt-data,時代,0.0694
ntt-data,本格的,0.0526
ntt-data,株式会社,0.1052
ntt-data,業務プロセス,0.0572
ntt-data,次世代,0.0526
ntt-data,注力,0.0526
ntt-data,活用,0.0729
ntt-data,牽引,0.0572
ntt-data,生かす,0.0631
ntt-data,生成ai,0.0406
ntt-data,生産性,0.0572
ntt-data,発信,0.0572
ntt-data,発展,0.043
ntt-data,示す,0.0406
ntt-data,社員,0.0301
ntt-data,米国,0.043
ntt-data,経営,0.0365
ntt-data,結集,0.0489
ntt-data,続ける,0.0576
ntt-data,総合力,0.0572
ntt-data,考え方,0.1428
ntt-data,行動,0.043
ntt-data,解決,0.0572
ntt-data,設立,0.0572
ntt-data,設計,0.0714
ntt-data,誠実,0.0489
ntt-data,課題,0.0384
ntt-data,課題解決,0.0631
ntt-data,調和,0.1428
ntt-data,謹む,0.0365
ntt-data,豊か,0.0457
ntt-data,責任,0.1428
ntt-data,買付,0.0714
ntt-data,超える,0.0457
ntt-data,転換点,0.0631
ntt-data,通ずる,0.063
ntt-data,速い,0.0714
ntt-data,連携,0.0406
ntt-data,進む,0.0406
ntt-data,進化,0.0347
ntt-data,重点,0.0572
ntt-data,重要,0.033
ntt-data,飛躍的,0.0526
ntt-data,高める,0.0914
ntt-data,高度,0.0631
ntt-data-at,ai,0.2014
ntt-data-at,it,0.0872
ntt-data-at,jp,0.1088
ntt-data-at,ntt,0.209
ntt-data-at,nttデータグループ,0.0872
ntt-data-at,private,0.1088
ntt-data-at,あたる,0.0529
ntt-data-at,さま,0.0655
ntt-data-at,ほか,0.0872
ntt-data-at,みな,0.0872
ntt-data-at,よる,0.0439
ntt-data-at,アセット,0.1088
ntt-data-at,エージェント,0.1088
ntt-data-at,クラウド,0.0802
ntt-data-at,シフト,0.1088
ntt-data-at,ソブリン,0.1088
ntt-data-at,タワー,0.1088
ntt-data-at,テーマ,0.0961
ntt-data-at,デジタル,0.0529
ntt-data-at,データ,0.1604
ntt-data-at,ビジネス,0.0556
ntt-data-at,ビジョン,0.0745
ntt-data-at,フェーズ,0.1743
ntt-data-at,ユース,0.1088
ntt-data-at,万博,0.0802
ntt-data-at,世界中,0.0697
ntt-data-at,中期経営計画,0.0745
ntt-data-at,丸の内,0.1088
ntt-data-at,主権,0.1088
ntt-data-at,人材,0.0961
ntt-data-at,位置,0.0872
ntt-data-at,兆し,0.1088
ntt-data-at,先端技術,0.0961
ntt-data-at,全体,0.0459
ntt-data-at,共有,0.0697
ntt-data-at,分野,0.0504
ntt-data-at,切る,0.0745
ntt-data-at,刺激,0.1088
ntt-data-at,前進,0.0745
ntt-data-at,創造,0.0618
ntt-data-at,加速,0.0529
ntt-data-at,向かう,0.0745
ntt-data-at,向ける,0.0459
ntt-data-at,喚起,0.1088
ntt-data-at,変わりゆく,0.0961
ntt-data-at,大きな,0.084
ntt-data-at,大地,0.0961
ntt-data-at,大阪,0.0802
ntt-data-at,子会社,0.0961
ntt-data-at,学習,0.1088
ntt-data-at,完全,0.0961
ntt-data-at,対する,0.0745
ntt-data-at,展示,0.1088
ntt-data-at,感じる,0.1088
ntt-data-at,感ずる,0.0618
ntt-data-at,慶び,0.0961
ntt-data-at,所存,0.1088
ntt-data-at,技術,0.2787
ntt-data-at,持続可能性,0.0961
ntt-data-at,挑戦,0.0918
ntt-data-at,推論,0.1088
ntt-data-at,新しい,0.0504
ntt-data-at,明るい,0.1088
ntt-data-at,最大化,0.0872
ntt-data-at,未来,0.2402
ntt-data-at,本社,0.0961
ntt-data-at,東京,0.0961
ntt-data-at,業務効率化,0.1088
ntt-data-at,機会,0.0618
ntt-data-at,機密,0.1088
ntt-data-at,活用,0.0556
ntt-data-at,浸透,0.1088
ntt-data-at,生成ai,0.0618
ntt-data-at,知見,0.0961
ntt-data-at,祈る,0.0745
ntt-data-at,移転,0.1088
ntt-data-at,積極的,0.0697
ntt-data-at,策定,0.0655
ntt-data-at,素晴らしい,0.0745
ntt-data-at,行う,0.1743
ntt-data-at,謹む,0.0556
ntt-data-at,走り抜ける,0.1088
ntt-data-at,踏み出す,0.1394
ntt-data-at,通ずる,0.048
ntt-data-at,進化,0.0529
ntt-data-at,重要性,0.0802
ntt-data-at,関西,0.0802
ntt-data-at,集まる,0.1088
ntt-data-at,需要,0.0872
ntt-data-at,革新,0.1743
ntt-data-at,領域,0.0697
ntt-data-at,駆ける,0.0961
ntt-data-at,高まる,0.0745
ntt-data-es,agentic,0.0821
ntt-data-es,ai,0.038
ntt-data-es,alm,0.1643
ntt-data-es,application,0.0821
ntt-data-es,be,0.1643
ntt-data-es,cdp,0.0821
ntt-data-es,defined,0.0821
ntt-data-es,dx,0.0495
ntt-data-es,essential,0.0821
ntt-data-es,fy,0.0821
ntt-data-es,lifecycle,0.0821
ntt-data-es,llm,0.0821
ntt-data-es,management,0.0821
ntt-data-es,ntt,0.1052
ntt-data-es,nttデータグループ,0.1316
ntt-data-es,pdcaサイクル,0.0821
ntt-data-es,professional,0.0821
ntt-data-es,project,0.0821
ntt-data-es,sdv,0.0821
ntt-data-es,software,0.0821
ntt-data-es,space,0.0821
ntt-data-es,tsuzumi,0.0726
ntt-data-es,vehicle,0.0821
ntt-data-es,あいさつ,0.0658
ntt-data-es,あたる,0.0399
ntt-data-es,おめでとう,0.0442
ntt-data-es,お礼,0.0821
ntt-data-es,お願い,0.0605
ntt-data-es,さま,0.0989
ntt-data-es,づくり,0.0658
ntt-data-es,とも,0.0346
ntt-data-es,とる,0.0331
ntt-data-es,アップ,0.0821
ntt-data-es,インテグレーション,0.0821
ntt-data-es,エコシステム,0.0821
ntt-data-es,エンジニアリング,0.0658
ntt-data-es,ガイドライン,0.0821
ntt-data-es,キャリア,0.1643
ntt-data-es,グローバル,0.0442
ntt-data-es,システム,0.0726
ntt-data-es,スキル,0.0726
ntt-data-es,スタート,0.0399
ntt-data-es,スローガン,0.0821
ntt-data-es,ソフトウェア,0.0821
ntt-data-es,ソリューション,0.1578
ntt-data-es,デベロップメント,0.0821
ntt-data-es,データ,0.0605
ntt-data-es,パートナー,0.0526
ntt-data-es,ビジネス,0.042
ntt-data-es,プログラム,0.0821
ntt-data-es,プロジェクト,0.0658
ntt-data-es,プロセス,0.1974
ntt-data-es,リモートワーク,0.0821
ntt-data-es,リーダーシップ,0.0658
ntt-data-es,ワークインライフ,0.0821
ntt-data-es,一人ひとり,0.0399
ntt-data-es,並々,0.0821
ntt-data-es,中期経営計画,0.0562
ntt-data-es,主体的,0.0821
ntt-data-es,人材育成,0.0726
ntt-data-es,企業理念,0.0726
ntt-data-es,会社,0.0467
ntt-data-es,信頼,0.0442
ntt-data-es,働き方,0.0821
ntt-data-es,働き方改革,0.0821
ntt-data-es,充実,0.0821
ntt-data-es,先端技術,0.0726
ntt-data-es,入れる,0.0726
ntt-data-es,全力,0.0562
ntt-data-es,分野,0.076
ntt-data-es,制度,0.0726
ntt-data-es,加える,0.0442
ntt-data-es,加速,0.0399
ntt-data-es,医療機器,0.0821
ntt-data-es,協創,0.0821
ntt-data-es,厚情,0.0821
ntt-data-es,取り組み,0.0399
ntt-data-es,受注,0.0821
ntt-data-es,可能,0.1211
ntt-data-es,品質,0.1125
ntt-data-es,品質向上,0.0821
ntt-data-es,地位,0.0821
ntt-data-es,基本,0.0605
ntt-data-es,報告,0.0821
ntt-data-es,増加,0.0658
ntt-data-es,売上,0.0726
ntt-data-es,変化,0.0363
ntt-data-es,定着,0.0821
ntt-data-es,対応,0.1052
ntt-data-es,導入,0.0562
ntt-data-es,就業規則,0.0821
ntt-data-es,尽力,0.0605
ntt-data-es,展開,0.0934
ntt-data-es,市場,0.0495
ntt-data-es,希望,0.0605
ntt-data-es,年中,0.0726
ntt-data-es,年度,0.042
ntt-data-es,年間,0.0658
ntt-data-es,広げる,0.0821
ntt-data-es,引き続く,0.0562
ntt-data-es,急速,0.0562
ntt-data-es,成果,0.042
ntt-data-es,持続,0.0658
ntt-data-es,指針,0.0726
ntt-data-es,採用,0.0821
ntt-data-es,掲げる,0.0526
ntt-data-es,描ける,0.0821
ntt-data-es,改革,0.0605
ntt-data-es,新しい,0.076
ntt-data-es,新年度,0.0821
ntt-data-es,新技術,0.0821
ntt-data-es,新規,0.0658
ntt-data-es,明ける,0.0562
ntt-data-es,時代,0.0399
ntt-data-es,最後,0.042
ntt-data-es,最終,0.0495
ntt-data-es,未来,0.0363
ntt-data-es,柔軟,0.0605
ntt-data-es,構築,0.0467
ntt-data-es,標準化,0.0821
ntt-data-es,注力,0.0605
ntt-data-es,活動,0.0467
ntt-data-es,活用,0.042
ntt-data-es,満ちる,0.0562
ntt-data-es,環境,0.042
ntt-data-es,生産,0.0605
ntt-data-es,生産性,0.0658
ntt-data-es,用いる,0.0726
ntt-data-es,知見,0.0726
ntt-data-es,研修,0.1643
ntt-data-es,確か,0.0726
ntt-data-es,確立,0.0726
ntt-data-es,社員,0.1039
ntt-data-es,積極的,0.0526
ntt-data-es,管理,0.0605
ntt-data-es,組み込む,0.0658
ntt-data-es,経営,0.042
ntt-data-es,総合力,0.0658
ntt-data-es,背景,0.0726
ntt-data-es,自動車,0.1316
ntt-data-es,自動車メーカー,0.0821
ntt-data-es,製造業,0.1316
ntt-data-es,裾野,0.0821
ntt-data-es,複数,0.0821
ntt-data-es,要素,0.0658
ntt-data-es,解決,0.0658
ntt-data-es,計画,0.1052
ntt-data-es,詳細,0.0821
ntt-data-es,課題,0.0442
ntt-data-es,謹む,0.042
ntt-data-es,資する,0.0821
ntt-data-es,賜る,0.1211
ntt-data-es,迅速,0.0726
ntt-data-es,迎える,0.038
ntt-data-es,通ずる,0.0725
ntt-data-es,連携,0.0467
ntt-data-es,進む,0.0467
ntt-data-es,重要,0.038
ntt-data-es,開始,0.0526
ntt-data-es,開発,0.1125
ntt-data-es,関連,0.0605
ntt-data-es,革新的,0.0821
ntt-docomo,ai,0.2063
ntt-docomo,bpo,0.0394
ntt-docomo,centric,0.0394
ntt-docomo,dazn,0.0446
ntt-docomo,docomo,0.0892
ntt-docomo,dx,0.0805
ntt-docomo,for,0.0446
ntt-docomo,ict,0.0357
ntt-docomo,iot,0.0394
ntt-docomo,lemino,0.0892
ntt-docomo,max,0.0446
ntt-docomo,nba,0.0446
ntt-docomo,neobank,0.0446
ntt-docomo,nttドコモ,0.3939
ntt-docomo,platinum,0.0446
ntt-docomo,smtb,0.1337
ntt-docomo,ui,0.0446
ntt-docomo,ux,0.0446
ntt-docomo,wowow,0.0446
ntt-docomo,あわせる,0.0446
ntt-docomo,あんしん,0.0446
ntt-docomo,いただける,0.0892
ntt-docomo,か月,0.0394
ntt-docomo,くらし,0.0446
ntt-docomo,ご利用,0.0394
ntt-docomo,さま,0.0537
ntt-docomo,つながり,0.0446
ntt-docomo,づくり,0.0357
ntt-docomo,づける,0.0446
ntt-docomo,でんき,0.0446
ntt-docomo,とる,0.018
ntt-docomo,なし,0.0446
ntt-docomo,はじめ,0.0268
ntt-docomo,もたらす,0.0286
ntt-docomo,もつ,0.0305
ntt-docomo,もと,0.061
ntt-docomo,よる,0.018
ntt-docomo,わたる,0.0446
ntt-docomo,アニメ,0.0446
ntt-docomo,イエナカ,0.0446
ntt-docomo,イベント,0.0357
ntt-docomo,インフラ,0.0329
ntt-docomo,エンターテインメント,0.0446
ntt-docomo,オリジナル,0.0446
ntt-docomo,カード,0.0446
ntt-docomo,クラウド,0.0329
ntt-docomo,クラブ,0.0446
ntt-docomo,グローバル,0.024
ntt-docomo,コンシューマ,0.0446
ntt-docomo,コンテンツ,0.0788
ntt-docomo,コーポレートアイデンティティ,0.0357
ntt-docomo,サービス,0.2787
ntt-docomo,スタート,0.0217
ntt-docomo,ステークホルダー,0.0305
ntt-docomo,ストア,0.0446
ntt-docomo,スピード,0.0286
ntt-docomo,スマート,0.0788
ntt-docomo,ソリューション,0.0286
ntt-docomo,ソリューションズ,0.0446
ntt-docomo,テクノロジー,0.061
ntt-docomo,デジタル,0.0217
ntt-docomo,データ,0.0329
ntt-docomo,ドコモ,0.312
ntt-docomo,ドラマ,0.0446
ntt-docomo,ニーズ,0.0357
ntt-docomo,ネットワーク,0.061
ntt-docomo,ネット銀行,0.1337
ntt-docomo,ビジネス,0.0228
ntt-docomo,ビジョン,0.0305
ntt-docomo,プラットフォーム,0.0394
ntt-docomo,ポイント,0.0788
ntt-docomo,マーケティング,0.0892
ntt-docomo,ライフ,0.0892
ntt-docomo,ライブ,0.0446
ntt-docomo,リーグ,0.0446
ntt-docomo,レジリエンス,0.0446
ntt-docomo,レベル,0.0357
ntt-docomo,一丸,0.0571
ntt-docomo,一環,0.0446
ntt-docomo,三井住友信託銀行,0.0446
ntt-docomo,世界,0.0188
ntt-docomo,両立,0.0357
ntt-docomo,中小企業,0.0394
ntt-docomo,人間力,0.0394
ntt-docomo,以上,0.0329
ntt-docomo,会員,0.0446
ntt-docomo,位置,0.0357
ntt-docomo,体験,0.0329
ntt-docomo,便利,0.0357
ntt-docomo,信頼,0.024
ntt-docomo,全体,0.0376
ntt-docomo,分野,0.0619
ntt-docomo,切る,0.0305
ntt-docomo,前提,0.0394
ntt-docomo,前進,0.0305
ntt-docomo,創造,0.076
ntt-docomo,加える,0.048
ntt-docomo,加わる,0.0446
ntt-docomo,加速,0.0866
ntt-docomo,協力,0.0357
ntt-docomo,取り巻く,0.0357
ntt-docomo,取り組み,0.0217
ntt-docomo,合わせる,0.0305
ntt-docomo,向ける,0.0752
ntt-docomo,含む,0.0394
ntt-docomo,品質,0.061
ntt-docomo,困る,0.0446
ntt-docomo,地域,0.096
ntt-docomo,基づく,0.0357
ntt-docomo,基地局,0.0446
ntt-docomo,基盤,0.0507
ntt-docomo,境目,0.0446
ntt-docomo,増す,0.0357
ntt-docomo,変化,0.0394
ntt-docomo,多く,0.0253
ntt-docomo,多様化,0.0446
ntt-docomo,多角化,0.0446
ntt-docomo,大きい,0.0305
ntt-docomo,大きな,0.0172
ntt-docomo,契約,0.1337
ntt-docomo,始動,0.0394
ntt-docomo,存在,0.024
ntt-docomo,安全,0.0228
ntt-docomo,安全性,0.0446
ntt-docomo,実感,0.0305
ntt-docomo,実施,0.061
ntt-docomo,寄り添う,0.1337
ntt-docomo,対策,0.0394
ntt-docomo,対象,0.0394
ntt-docomo,専門性,0.0394
ntt-docomo,導入,0.0305
ntt-docomo,届ける,0.0329
ntt-docomo,市場,0.0268
ntt-docomo,常識,0.0446
ntt-docomo,幸せ,0.0357
ntt-docomo,広がる,0.0446
ntt-docomo,引き続く,0.061
ntt-docomo,強い,0.0228
ntt-docomo,当たり前,0.0357
ntt-docomo,役割,0.0329
ntt-docomo,急速,0.0305
ntt-docomo,手法,0.0446
ntt-docomo,技術革新,0.0394
ntt-docomo,拡充,0.0892
ntt-docomo,挑戦,0.0188
ntt-docomo,掛け合わせる,0.0357
ntt-docomo,提案,0.0788
ntt-docomo,支える,0.0455
ntt-docomo,改善,0.0305
ntt-docomo,新しい,0.0206
ntt-docomo,日本,0.024
ntt-docomo,昨年末,0.0394
ntt-docomo,時代,0.0217
ntt-docomo,暮らし,0.0357
ntt-docomo,更なる,0.0357
ntt-docomo,書き換える,0.0446
ntt-docomo,最大,0.0357
ntt-docomo,最新,0.0892
ntt-docomo,最適,0.0394
ntt-docomo,最適化,0.0446
ntt-docomo,期待,0.0571
ntt-docomo,未来,0.0394
ntt-docomo,株式会社,0.0329
ntt-docomo,業務,0.0268
ntt-docomo,業務提携,0.0446
ntt-docomo,構想,0.0357
ntt-docomo,構築,0.0253
ntt-docomo,構造,0.0714
ntt-docomo,機能,0.0329
ntt-docomo,法人,0.1182
ntt-docomo,活動,0.0253
ntt-docomo,活用,0.0455
ntt-docomo,激しい,0.0357
ntt-docomo,災害,0.0305
ntt-docomo,災害時,0.0446
ntt-docomo,特典,0.0446
ntt-docomo,牽引,0.0357
ntt-docomo,環境,0.0455
ntt-docomo,生む,0.0446
ntt-docomo,生命線,0.0446
ntt-docomo,生成ai,0.0253
ntt-docomo,産業,0.1314
ntt-docomo,発表,0.0357
ntt-docomo,着実,0.024
ntt-docomo,確保,0.0394
ntt-docomo,社名,0.0329
ntt-docomo,積極的,0.0571
ntt-docomo,突破,0.0892
ntt-docomo,立つ,0.0286
ntt-docomo,競争,0.0357
ntt-docomo,答える,0.0446
ntt-docomo,策定,0.0268
ntt-docomo,組み込む,0.0714
ntt-docomo,経済圏,0.0394
ntt-docomo,結ぶ,0.0446
ntt-docomo,自律的,0.0394
ntt-docomo,自治体,0.0394
ntt-docomo,被災地,0.0446
ntt-docomo,装置,0.0446
ntt-docomo,言う,0.0286
ntt-docomo,謹む,0.0228
ntt-docomo,豊か,0.0857
ntt-docomo,起点,0.0892
ntt-docomo,超す,0.0446
ntt-docomo,超大作,0.0446
ntt-docomo,踊る,0.0446
ntt-docomo,追加料金,0.0446
ntt-docomo,通ずる,0.0394
ntt-docomo,通信,0.2363
ntt-docomo,連携,0.0253
ntt-docomo,進化,0.0433
ntt-docomo,運営,0.0714
ntt-docomo,重点,0.0357
ntt-docomo,重要,0.0206
ntt-docomo,金融,0.1182
ntt-docomo,開催,0.0357
ntt-docomo,開始,0.0571
ntt-docomo,音楽,0.0446
ntt-docomo,領域,0.0857
ntt-docomo,顧客,0.0329
ntt-docomo,高い,0.0286
ntt-docomo,高まる,0.0305
ntt-docomo,高める,0.0571
ntt-docomo,魅力的,0.0446
ntt-docomo-business,ai,0.1817
ntt-docomo-business,bpo,0.0694
ntt-docomo-business,centric,0.1387
ntt-docomo-business,ci,0.0629
ntt-docomo-business,dx,0.1418
ntt-docomo-business,ict,0.2515
ntt-docomo-business,iot,0.0694
ntt-docomo-business,iown,0.0579
ntt-docomo-business,ntt,0.2011
ntt-docomo-business,nttドコモ,0.0694
ntt-docomo-business,お願い,0.0579
ntt-docomo-business,イノベーション,0.0579
ntt-docomo-business,グローバル,0.0422
ntt-docomo-business,コミュニケーションズ,0.157
ntt-docomo-business,コーポレートアイデンティティ,0.0629
ntt-docomo-business,ステージ,0.0503
ntt-docomo-business,ソリューション,0.2011
ntt-docomo-business,チャレンジ,0.1157
ntt-docomo-business,テクノロジー,0.1613
ntt-docomo-business,デジタル,0.0381
ntt-docomo-business,ニーズ,0.0629
ntt-docomo-business,ビジネス,0.0401
ntt-docomo-business,フォーマー,0.0785
ntt-docomo-business,プラット,0.0785
ntt-docomo-business,プラットフォーム,0.2081
ntt-docomo-business,プロバイダー,0.0694
ntt-docomo-business,ベース,0.0785
ntt-docomo-business,リーズナブル,0.0785
ntt-docomo-business,ワンストップ,0.0785
ntt-docomo-business,中小企業,0.0694
ntt-docomo-business,主役,0.0694
ntt-docomo-business,互い,0.0785
ntt-docomo-business,入る,0.0579
ntt-docomo-business,全体,0.0331
ntt-docomo-business,全国,0.0785
ntt-docomo-business,分散,0.314
ntt-docomo-business,刷新,0.0629
ntt-docomo-business,加える,0.0845
ntt-docomo-business,加速度,0.0785
ntt-docomo-business,努力,0.0579
ntt-docomo-business,協調,0.1258
ntt-docomo-business,合わせる,0.0538
ntt-docomo-business,向ける,0.0331
ntt-docomo-business,含める,0.1258
ntt-docomo-business,地域,0.2112
ntt-docomo-business,地方,0.157
ntt-docomo-business,基盤,0.0446
ntt-docomo-business,変更,0.0629
ntt-docomo-business,大きな,0.0303
ntt-docomo-business,大企業,0.0785
ntt-docomo-business,安全,0.0401
ntt-docomo-business,少子高齢化,0.0785
ntt-docomo-business,届ける,0.0579
ntt-docomo-business,年中,0.0694
ntt-docomo-business,引き続く,0.0538
ntt-docomo-business,役割,0.0579
ntt-docomo-business,従来,0.0694
ntt-docomo-business,御礼,0.0629
ntt-docomo-business,応える,0.0694
ntt-docomo-business,想像,0.0785
ntt-docomo-business,感動,0.0785
ntt-docomo-business,技術,0.0503
ntt-docomo-business,担う,0.0579
ntt-docomo-business,持続的,0.0473
ntt-docomo-business,指導,0.0785
ntt-docomo-business,支える,0.1203
ntt-docomo-business,日本,0.0422
ntt-docomo-business,時代,0.0763
ntt-docomo-business,最先端,0.0694
ntt-docomo-business,最先端技術,0.0694
ntt-docomo-business,最適,0.0694
ntt-docomo-business,未来,0.1387
ntt-docomo-business,柔軟,0.0579
ntt-docomo-business,格別,0.0694
ntt-docomo-business,格差,0.0785
ntt-docomo-business,構想,0.0629
ntt-docomo-business,機能,0.0579
ntt-docomo-business,欠かせる,0.0629
ntt-docomo-business,次世代,0.0579
ntt-docomo-business,深い,0.0579
ntt-docomo-business,現実,0.0694
ntt-docomo-business,産業,0.1157
ntt-docomo-business,発展,0.0473
ntt-docomo-business,直面,0.0694
ntt-docomo-business,社名,0.0579
ntt-docomo-business,結集,0.0538
ntt-docomo-business,総合,0.0694
ntt-docomo-business,自律,0.1387
ntt-docomo-business,自律的,0.0694
ntt-docomo-business,蓄積,0.0785
ntt-docomo-business,解決,0.1258
ntt-docomo-business,言う,0.0503
ntt-docomo-business,設立,0.0629
ntt-docomo-business,課題,0.0845
ntt-docomo-business,謹む,0.0401
ntt-docomo-business,豊か,0.1006
ntt-docomo-business,賜る,0.0579
ntt-docomo-business,連携,0.0892
ntt-docomo-business,進化,0.1144
ntt-docomo-business,進展,0.0579
ntt-docomo-business,都市,0.0785
ntt-docomo-business,重ねる,0.1075
ntt-docomo-business,重点,0.0629
ntt-docomo-business,鞭撻,0.0785
ntt-docomo-business,領域,0.0503
ntt-docomo-business,駆使,0.0694
ntt-docomo-business,驚き,0.0785
ntt-docomo-business,高配,0.0785
ntt-east,dx,0.1155
ntt-east,iown,0.0707
ntt-east,ntt東日本,0.1918
ntt-east,あたる,0.0466
ntt-east,あふれる,0.0847
ntt-east,お見舞い,0.0959
ntt-east,さま,0.231
ntt-east,とも,0.0404
ntt-east,とる,0.0387
ntt-east,はじめ,0.0577
ntt-east,みな,0.0768
ntt-east,もと,0.0657
ntt-east,アグリ,0.0959
ntt-east,イノベーション,0.0707
ntt-east,インフラ,0.0707
ntt-east,エンジニアリング,0.0768
ntt-east,クラウド化,0.0959
ntt-east,グローバル,0.0516
ntt-east,サスティナビリティ,0.0959
ntt-east,サービス,0.0545
ntt-east,スマート,0.0847
ntt-east,ソリューション,0.0614
ntt-east,ソーシャル,0.0959
ntt-east,チャンス,0.0657
ntt-east,デジタル,0.0466
ntt-east,ネットワーク,0.197
ntt-east,パーパス,0.0847
ntt-east,ビル,0.0959
ntt-east,マンション,0.0959
ntt-east,ユースケース,0.0768
ntt-east,一人ひとり,0.0466
ntt-east,一同,0.0959
ntt-east,個人,0.0657
ntt-east,傾ける,0.0847
ntt-east,全力,0.1313
ntt-east,八戸,0.0959
ntt-east,共創,0.0768
ntt-east,分野,0.0444
ntt-east,切り拓く,0.0959
ntt-east,創出,0.0516
ntt-east,創造,0.109
ntt-east,加速,0.0932
ntt-east,向ける,0.0404
ntt-east,回線,0.0959
ntt-east,地域,0.258
ntt-east,地域社会,0.0768
ntt-east,地震,0.0847
ntt-east,変化,0.127
ntt-east,多様,0.0707
ntt-east,実装,0.0657
ntt-east,密着,0.0847
ntt-east,対応,0.0614
ntt-east,尽くす,0.0847
ntt-east,市場,0.0577
ntt-east,希望,0.0707
ntt-east,強い,0.049
ntt-east,強靭,0.0768
ntt-east,復旧,0.0847
ntt-east,復興,0.0847
ntt-east,循環,0.0847
ntt-east,急速,0.0657
ntt-east,恐れる,0.0847
ntt-east,情熱,0.197
ntt-east,惜しみない,0.0959
ntt-east,想い,0.0707
ntt-east,感謝,0.0657
ntt-east,戻る,0.0768
ntt-east,技術力,0.0768
ntt-east,持つ,0.049
ntt-east,持続的,0.0577
ntt-east,挑む,0.1228
ntt-east,挑戦,0.1213
ntt-east,捉える,0.0707
ntt-east,損傷,0.0959
ntt-east,支える,0.049
ntt-east,教育,0.0768
ntt-east,日頃,0.0768
ntt-east,早い,0.0657
ntt-east,映像,0.0959
ntt-east,時代,0.0466
ntt-east,普及,0.0847
ntt-east,最先端技術,0.0847
ntt-east,最大限,0.0707
ntt-east,未来,0.0847
ntt-east,東方,0.0959
ntt-east,果敢,0.0707
ntt-east,構築,0.0545
ntt-east,次世代,0.0707
ntt-east,止める,0.0847
ntt-east,歩み,0.0768
ntt-east,法人,0.0847
ntt-east,注ぐ,0.0847
ntt-east,活躍,0.0768
ntt-east,満ちる,0.0657
ntt-east,激しい,0.0768
ntt-east,現場,0.1032
ntt-east,理解,0.0847
ntt-east,生成ai,0.0545
ntt-east,発展,0.0577
ntt-east,発揮,0.0707
ntt-east,真摯,0.0847
ntt-east,社員,0.0809
ntt-east,祈念,0.0657
ntt-east,笑顔,0.0657
ntt-east,第一線,0.0959
ntt-east,素晴らしい,0.0657
ntt-east,続ける,0.0387
ntt-east,自治体,0.1695
ntt-east,行政,0.0847
ntt-east,被災,0.0847
ntt-east,視聴,0.0959
ntt-east,課題解決,0.0847
ntt-east,謹む,0.049
ntt-east,賜る,0.0707
ntt-east,超える,0.0614
ntt-east,込める,0.0768
ntt-east,運営,0.0768
ntt-east,鉄塔,0.0959
ntt-east,開始,0.0614
ntt-east,防災,0.0959
ntt-east,青森,0.0959
ntt-east,青森県,0.0959
ntt-east,願う,0.049
ntt-east,飛躍,0.0657
ntt-holding,ai,0.1495
ntt-holding,core,0.2153
ntt-holding,corporate,0.1076
ntt-holding,group,0.2153
ntt-holding,identity,0.1076
ntt-holding,iown,0.1587
ntt-holding,ntt,0.2758
ntt-holding,tsuzumi,0.0951
ntt-holding,お披露目,0.1076
ntt-holding,ご利用,0.0951
ntt-holding,とも,0.0454
ntt-holding,とる,0.0434
ntt-holding,はじめ,0.0648
ntt-holding,めざす,0.1076
ntt-holding,もたらす,0.0689
ntt-holding,よる,0.0434
ntt-holding,コンピュータ,0.1076
ntt-holding,スタート,0.0523
ntt-holding,ダイナミック,0.1076
ntt-holding,チャレンジ,0.0793
ntt-holding,デバイス,0.0951
ntt-holding,パートナー,0.0689
ntt-holding,ビジネス,0.11
ntt-holding,ビット,0.2153
ntt-holding,レベル,0.0862
ntt-holding,ロードマップ,0.1076
ntt-holding,万博,0.0793
ntt-holding,上回る,0.0862
ntt-holding,世の中,0.0737
ntt-holding,世界,0.0454
ntt-holding,人々,0.0862
ntt-holding,倍増,0.0951
ntt-holding,元年,0.1076
ntt-holding,光量子,0.1076
ntt-holding,光電,0.2153
ntt-holding,全体,0.0454
ntt-holding,制定,0.1076
ntt-holding,削減,0.0951
ntt-holding,加える,0.0579
ntt-holding,原点,0.0737
ntt-holding,向ける,0.0454
ntt-holding,商談,0.0951
ntt-holding,国内外,0.0951
ntt-holding,地球,0.0951
ntt-holding,売上,0.0951
ntt-holding,多く,0.0612
ntt-holding,多様,0.0793
ntt-holding,大きい,0.0737
ntt-holding,大きな,0.0415
ntt-holding,大量,0.0951
ntt-holding,大阪,0.0793
ntt-holding,実用,0.1076
ntt-holding,性能,0.1076
ntt-holding,挑む,0.0689
ntt-holding,挑戦,0.0454
ntt-holding,据える,0.0862
ntt-holding,改める,0.1076
ntt-holding,時代,0.0523
ntt-holding,暮らし,0.0862
ntt-holding,最後,0.055
ntt-holding,最終,0.0648
ntt-holding,未来,0.0475
ntt-holding,本格的,0.0793
ntt-holding,株式会社,0.0793
ntt-holding,段階,0.1076
ntt-holding,民営化,0.1076
ntt-holding,消費,0.0951
ntt-holding,準備,0.0862
ntt-holding,発想,0.0862
ntt-holding,着実,0.0579
ntt-holding,社名,0.0793
ntt-holding,社員,0.0454
ntt-holding,策定,0.0648
ntt-holding,節目,0.0737
ntt-holding,組み合わせる,0.0951
ntt-holding,続ける,0.0434
ntt-holding,自己,0.0793
ntt-holding,良い,0.0862
ntt-holding,融合,0.1902
ntt-holding,見直す,0.0951
ntt-holding,規模,0.0951
ntt-holding,謹む,0.055
ntt-holding,豊か,0.0689
ntt-holding,踏み出す,0.0689
ntt-holding,迎える,0.0498
ntt-holding,通ずる,0.0475
ntt-holding,連携,0.0612
ntt-holding,進む,0.0612
ntt-holding,遂行,0.0951
ntt-holding,達成,0.0737
ntt-holding,量子,0.2153
ntt-holding,開発,0.0737
ntt-holding,関西,0.0793
ntt-holding,電力,0.0862
ntt-holding,革新,0.0862
ntt-holding,飛躍,0.1474
ntt-holding,高度化,0.0951
ntt-west,ai,0.0785
ntt-west,ci,0.068
ntt-west,cx,0.075
ntt-west,ict,0.068
ntt-west,iown,0.1251
ntt-west,it,0.068
ntt-west,ntt,0.163
ntt-west,ntt西日本,0.2545
ntt-west,お願い,0.0625
ntt-west,さま,0.1533
ntt-west,とも,0.0358
ntt-west,はじめ,0.0511
ntt-west,よる,0.0342
ntt-west,アイオン,0.0848
ntt-west,イノベーション,0.0625
ntt-west,イベント,0.068
ntt-west,エネルギー,0.0511
ntt-west,エリア,0.0848
ntt-west,クリエーション,0.0848
ntt-west,クロス,0.0848
ntt-west,コミュニケーション,0.075
ntt-west,サービス,0.0964
ntt-west,スタート,0.0412
ntt-west,ソリューション,0.0543
ntt-west,デジタル,0.0824
ntt-west,デジタルトランスフォーメーション,0.075
ntt-west,ネットワーク,0.0581
ntt-west,バリュー,0.068
ntt-west,パビリオン,0.075
ntt-west,パートナー,0.163
ntt-west,フル,0.0848
ntt-west,フレッツ,0.0848
ntt-west,ユースケース,0.068
ntt-west,リスク,0.0543
ntt-west,万博,0.1251
ntt-west,不安,0.075
ntt-west,世界標準,0.0848
ntt-west,人材育成,0.075
ntt-west,付加価値,0.068
ntt-west,会場,0.0848
ntt-west,伴う,0.0625
ntt-west,体感,0.0848
ntt-west,体験,0.0625
ntt-west,価格,0.0625
ntt-west,保障,0.068
ntt-west,信頼,0.0457
ntt-west,入れる,0.075
ntt-west,全体,0.0358
ntt-west,共創,0.1359
ntt-west,円安,0.0848
ntt-west,分野,0.0393
ntt-west,切る,0.0581
ntt-west,刷新,0.068
ntt-west,創出,0.0457
ntt-west,創造,0.0482
ntt-west,加える,0.0457
ntt-west,加速,0.0412
ntt-west,努める,0.0848
ntt-west,厚い,0.0848
ntt-west,原材料,0.0848
ntt-west,及ぼす,0.068
ntt-west,取り戻す,0.075
ntt-west,取り組み,0.0412
ntt-west,同じ,0.075
ntt-west,向ける,0.0358
ntt-west,地域,0.0913
ntt-west,地域社会,0.1359
ntt-west,地政学,0.0511
ntt-west,基盤,0.0482
ntt-west,変動,0.1359
ntt-west,多く,0.0482
ntt-west,多様,0.0625
ntt-west,大阪,0.0625
ntt-west,安全,0.13
ntt-west,安心,0.1499
ntt-west,実装,0.0581
ntt-west,実証,0.0848
ntt-west,密着,0.075
ntt-west,展開,0.0964
ntt-west,平素,0.0848
ntt-west,引き続く,0.0581
ntt-west,影響,0.0581
ntt-west,御礼,0.068
ntt-west,応ずる,0.0848
ntt-west,情報,0.0543
ntt-west,想い,0.0625
ntt-west,慶び,0.075
ntt-west,成果,0.0433
ntt-west,技術,0.1087
ntt-west,挑戦,0.0358
ntt-west,支える,0.0433
ntt-west,文化,0.068
ntt-west,新しい,0.0393
ntt-west,新春,0.075
ntt-west,新生,0.075
ntt-west,最先端,0.075
ntt-west,未来,0.0749
ntt-west,未来像,0.0848
ntt-west,株式会社,0.0625
ntt-west,格別,0.075
ntt-west,業種,0.0848
ntt-west,次世代,0.0625
ntt-west,歴史,0.0581
ntt-west,残る,0.0848
ntt-west,気候,0.075
ntt-west,活力,0.0848
ntt-west,活動,0.0482
ntt-west,活用,0.13
ntt-west,深刻,0.075
ntt-west,災害,0.0581
ntt-west,物価上昇,0.0848
ntt-west,率先,0.0848
ntt-west,理解,0.075
ntt-west,環境変化,0.0848
ntt-west,生み出す,0.0581
ntt-west,生活,0.0848
ntt-west,発信,0.068
ntt-west,発展,0.0511
ntt-west,益々,0.0848
ntt-west,社員,0.0358
ntt-west,祈る,0.0581
ntt-west,祖業,0.0848
ntt-west,積極,0.0848
ntt-west,経済,0.0581
ntt-west,続ける,0.0342
ntt-west,維持,0.0581
ntt-west,自己,0.0625
ntt-west,自身,0.0581
ntt-west,規模,0.075
ntt-west,課題,0.0457
ntt-west,謹む,0.0433
ntt-west,豊か,0.0543
ntt-west,象徴的,0.0848
ntt-west,賜る,0.1251
ntt-west,起因,0.075
ntt-west,身近,0.0848
ntt-west,通信,0.2249
ntt-west,運営,0.068
ntt-west,醸成,0.075
ntt-west,長期化,0.0848
ntt-west,開催,0.068
ntt-west,関西,0.0625
ntt-west,風土,0.075
ntt-west,食料,0.0848
ntt-west,高まり,0.068
ntt-west,高品質,0.0848
ntt-west,魅力,0.0848
ntt-west,鮮明,0.0848
nyk,ai,0.0379
nyk,all,0.0409
nyk,ax,0.0409
nyk,bringing,0.0409
nyk,bx,0.0409
nyk,cx,0.0362
nyk,dna,0.0362
nyk,dx,0.0247
nyk,ex,0.0409
nyk,japan,0.0409
nyk,life,0.0409
nyk,to,0.0409
nyk,value,0.0362
nyk,あいさつ,0.0984
nyk,あげる,0.0409
nyk,あたる,0.0398
nyk,いえる,0.0819
nyk,いくつ,0.0409
nyk,いける,0.0362
nyk,いたずら,0.0409
nyk,うれしい,0.0362
nyk,おかげ,0.0409
nyk,おじける,0.0409
nyk,おめでとう,0.022
nyk,こじ開ける,0.0409
nyk,こだわる,0.0362
nyk,ご承知,0.0409
nyk,ささい,0.0409
nyk,さる,0.0409
nyk,しなやか,0.0819
nyk,しまう,0.0409
nyk,それぞれ,0.028
nyk,づく,0.0409
nyk,とも,0.0518
nyk,とる,0.0165
nyk,なかんずく,0.0409
nyk,ならび,0.0819
nyk,はじめ,0.0247
nyk,ぶれる,0.0409
nyk,もつ,0.028
nyk,やる,0.1085
nyk,よる,0.066
nyk,わけ,0.0409
nyk,アウトプット,0.0409
nyk,アキレス,0.0409
nyk,アクション,0.0409
nyk,アジア,0.0409
nyk,イスラエル,0.0409
nyk,ウクライナ,0.0723
nyk,キャンペーン,0.0409
nyk,クローズアップ,0.0409
nyk,コンテナ,0.1228
nyk,サイバー,0.0409
nyk,スタート,0.0199
nyk,セキュリティー,0.0819
nyk,ダメージ,0.0409
nyk,チャレンジ,0.0302
nyk,デジタルトランスフォーメーション,0.0362
nyk,デバイス,0.0362
nyk,トランプ政権,0.1228
nyk,ハマス,0.0409
nyk,パートナー,0.0262
nyk,プロジェクト,0.0328
nyk,プロセス,0.0328
nyk,ベネズエラ,0.0362
nyk,ポイント,0.0362
nyk,ミス,0.0409
nyk,ミッション,0.0362
nyk,メール,0.0409
nyk,リターン,0.0409
nyk,レベル,0.1312
nyk,ロシア,0.0723
nyk,一定,0.0603
nyk,一巡,0.0409
nyk,一般,0.0409
nyk,一言,0.0409
nyk,不能,0.0409
nyk,世の中,0.028
nyk,世界,0.0518
nyk,世界中,0.0787
nyk,中国,0.0984
nyk,中計,0.0409
nyk,中間,0.0328
nyk,予定,0.0409
nyk,予測,0.0302
nyk,事例,0.0362
nyk,事態,0.0409
nyk,事故,0.0723
nyk,人々,0.0328
nyk,人手,0.0409
nyk,今年度,0.0409
nyk,介入,0.0409
nyk,仕上げ,0.0362
nyk,仕掛け,0.0409
nyk,他国,0.0409
nyk,他方,0.0409
nyk,他社,0.0328
nyk,以上,0.0302
nyk,会社,0.0465
nyk,伝える,0.0262
nyk,伴う,0.0302
nyk,使う,0.0362
nyk,価格,0.0302
nyk,保障,0.0656
nyk,信用,0.0362
nyk,修復,0.0409
nyk,個人,0.0841
nyk,値上がり,0.0409
nyk,健康,0.028
nyk,先読み,0.0409
nyk,先輩,0.0409
nyk,入る,0.0905
nyk,全て,0.0328
nyk,全体,0.0173
nyk,全社,0.028
nyk,共創,0.0328
nyk,具体的,0.028
nyk,具体策,0.0409
nyk,出し,0.0409
nyk,分析,0.0409
nyk,分野,0.0568
nyk,利用,0.0362
nyk,制度,0.0362
nyk,前々,0.0409
nyk,創業,0.1228
nyk,効率,0.0362
nyk,効率化,0.0302
nyk,十分,0.0409
nyk,取引先,0.0328
nyk,受ける,0.0362
nyk,可能性,0.0328
nyk,史上初,0.0409
nyk,右往左往,0.0409
nyk,各人,0.0409
nyk,各社,0.2047
nyk,各種,0.0362
nyk,同様,0.0409
nyk,向ける,0.0518
nyk,否定,0.0409
nyk,含める,0.0984
nyk,周年,0.0302
nyk,和平,0.1228
nyk,商流,0.0409
nyk,問題,0.1637
nyk,回復,0.0328
nyk,困難,0.0409
nyk,国内,0.0362
nyk,国家,0.0328
nyk,国民,0.0409
nyk,国際,0.028
nyk,地政学,0.0247
nyk,均一,0.0409
nyk,培う,0.0362
nyk,基幹システム,0.0819
nyk,増える,0.0362
nyk,増長,0.0409
nyk,壊滅,0.0409
nyk,変わる,0.0905
nyk,変化,0.0181
nyk,変化球,0.0409
nyk,変更,0.0328
nyk,多発,0.0409
nyk,大きな,0.0316
nyk,大幅,0.0362
nyk,女性,0.0362
nyk,好調,0.0409
nyk,始まる,0.0656
nyk,安全,0.0836
nyk,安定的,0.0409
nyk,完了,0.0409
nyk,定期的,0.0409
nyk,実入り,0.0819
nyk,実行,0.0247
nyk,家族,0.0247
nyk,察知,0.0409
nyk,対する,0.028
nyk,対応,0.0787
nyk,対立,0.0409
nyk,将来,0.028
nyk,導入,0.028
nyk,尽力,0.0302
nyk,局地的,0.0409
nyk,展開,0.0465
nyk,干支,0.028
nyk,年度,0.1046
nyk,年間,0.0656
nyk,幾つ,0.0409
nyk,強まる,0.0362
nyk,強硬,0.0409
nyk,影響,0.0561
nyk,後半,0.0362
nyk,徐々,0.0409
nyk,復興,0.0362
nyk,徹底,0.0328
nyk,必要,0.0247
nyk,意味,0.028
nyk,感ずる,0.0233
nyk,感謝,0.028
nyk,態勢,0.0409
nyk,慎重,0.0328
nyk,憎しみ,0.0409
nyk,成果,0.0418
nyk,成立,0.0362
nyk,戦略,0.0247
nyk,戦略的,0.0362
nyk,戻る,0.0328
nyk,打ち出す,0.0409
nyk,払う,0.0409
nyk,批判,0.0409
nyk,技術,0.0262
nyk,投資,0.0233
nyk,抜き打ち,0.0409
nyk,控える,0.0409
nyk,支える,0.0418
nyk,支持率,0.0409
nyk,支給,0.0409
nyk,改善,0.028
nyk,改定,0.0409
nyk,政府,0.0362
nyk,政治,0.0409
nyk,政策,0.0561
nyk,敬意,0.0409
nyk,数量,0.0819
nyk,文化,0.0328
nyk,新規,0.0328
nyk,方々,0.0302
nyk,方向,0.0409
nyk,施策,0.0905
nyk,日中,0.0409
nyk,日本,0.022
nyk,日本郵船,0.2047
nyk,日頃,0.0328
nyk,早々,0.0362
nyk,早い,0.028
nyk,明ける,0.028
nyk,明白,0.0409
nyk,時間,0.0328
nyk,景気,0.0409
nyk,晴天,0.0409
nyk,暮らし,0.0328
nyk,最後,0.0209
nyk,最終,0.0247
nyk,期待,0.0524
nyk,本体,0.0819
nyk,本当,0.0362
nyk,株主,0.0409
nyk,業務プロセス,0.0656
nyk,構図,0.0409
nyk,横断,0.0409
nyk,機械,0.0819
nyk,歴史,0.028
nyk,比較,0.0409
nyk,沿う,0.0409
nyk,注意,0.0819
nyk,注目,0.0409
nyk,活用,0.0209
nyk,活躍,0.0328
nyk,海上,0.0409
nyk,海運,0.0409
nyk,消費財,0.0409
nyk,深い,0.0302
nyk,減らす,0.0409
nyk,準備運動,0.0409
nyk,物流,0.1228
nyk,特別,0.0409
nyk,現地,0.0362
nyk,現場,0.022
nyk,現役,0.0409
nyk,理由,0.0362
nyk,生き生き,0.0409
nyk,発信,0.0328
nyk,発展,0.0247
nyk,発生,0.0656
nyk,発足,0.0409
nyk,目標,0.0262
nyk,直面,0.0362
nyk,着実,0.022
nyk,示す,0.0233
nyk,社員,0.0691
nyk,祈念,0.028
nyk,秩序,0.0362
nyk,移行,0.0328
nyk,積み重ねる,0.028
nyk,立てる,0.0328
nyk,管理,0.0302
nyk,築く,0.0302
nyk,米国,0.2712
nyk,終結,0.0409
nyk,経営,0.0209
nyk,経済,0.1682
nyk,絶える,0.0409
nyk,絶え間,0.0409
nyk,続く,0.028
nyk,維持,0.0841
nyk,聞く,0.0302
nyk,肉まん,0.0409
nyk,脱炭素,0.0302
nyk,自分,0.0302
nyk,自動化,0.0362
nyk,自動車,0.0328
nyk,自由,0.0409
nyk,船上,0.0409
nyk,船舶,0.0409
nyk,草の根,0.0409
nyk,莫大,0.0409
nyk,行う,0.0984
nyk,行く,0.0328
nyk,行方,0.0409
nyk,表す,0.0409
nyk,表面的,0.0409
nyk,補う,0.0362
nyk,見える,0.0302
nyk,言える,0.0328
nyk,訓練,0.0409
nyk,話す,0.0603
nyk,誇り,0.0362
nyk,誕生,0.0328
nyk,販売数,0.0409
nyk,貿易,0.0409
nyk,賃金,0.0409
nyk,資本,0.0302
nyk,購買力,0.0819
nyk,超える,0.0262
nyk,足腰,0.0819
nyk,踏み出す,0.0262
nyk,軍事,0.0328
nyk,輸入,0.0409
nyk,輸送,0.0409
nyk,迎える,0.0379
nyk,追加,0.0819
nyk,逆行,0.0409
nyk,通す,0.0328
nyk,進捗,0.0409
nyk,逸失,0.0409
nyk,遂行,0.0362
nyk,運用,0.0409
nyk,過ごせる,0.0409
nyk,適する,0.0409
nyk,選挙,0.0409
nyk,重み,0.0409
nyk,重大,0.0362
nyk,重要,0.0189
nyk,開く,0.0362
nyk,開ける,0.0409
nyk,開発,0.028
nyk,間違い,0.0362
nyk,関係,0.0561
nyk,関税,0.0787
nyk,防御,0.0819
nyk,障害,0.0409
nyk,順調,0.0409
nyk,顕在化,0.0362
nyk,顕著,0.0409
nyk,願う,0.0418
nyk,顧客,0.0302
nyk,飛ぶ,0.0328
nyk,首相,0.0328
nyk,高度,0.0362
nyk,高水準,0.0409
sekisui-chem,drive,0.168
sekisui-chem,vision,0.0742
sekisui-chem,かかる,0.0742
sekisui-chem,つける,0.0619
sekisui-chem,とる,0.0339
sekisui-chem,ウクライナ,0.0742
sekisui-chem,エネルギー,0.1012
sekisui-chem,カンパニー,0.084
sekisui-chem,コロナ禍,0.0742
sekisui-chem,ショック,0.084
sekisui-chem,スタート,0.0408
sekisui-chem,ステージ,0.0538
sekisui-chem,スピード,0.0538
sekisui-chem,ソーラー,0.084
sekisui-chem,トランプ,0.0742
sekisui-chem,ドライブ,0.084
sekisui-chem,ビジョン,0.115
sekisui-chem,フィルム,0.084
sekisui-chem,ペロブスカイト,0.084
sekisui-chem,ロシア,0.0742
sekisui-chem,一段,0.0742
sekisui-chem,一過性,0.0742
sekisui-chem,一部,0.0742
sekisui-chem,上期,0.084
sekisui-chem,不安定,0.1484
sekisui-chem,不透明,0.0673
sekisui-chem,世の中,0.0575
sekisui-chem,丙午,0.1238
sekisui-chem,中期,0.4037
sekisui-chem,中期経営計画,0.0575
sekisui-chem,乗る,0.084
sekisui-chem,事業化,0.084
sekisui-chem,仕込み,0.084
sekisui-chem,侵攻,0.084
sekisui-chem,全体,0.0354
sekisui-chem,全員,0.0538
sekisui-chem,切り開く,0.0673
sekisui-chem,初年度,0.084
sekisui-chem,利益,0.1346
sekisui-chem,前提,0.0742
sekisui-chem,力強い,0.115
sekisui-chem,加速,0.0408
sekisui-chem,動き,0.0673
sekisui-chem,勢い,0.0619
sekisui-chem,十二支,0.084
sekisui-chem,十干,0.084
sekisui-chem,向かう,0.115
sekisui-chem,向ける,0.1063
sekisui-chem,営業,0.1238
sekisui-chem,地震,0.0742
sekisui-chem,売上高,0.0742
sekisui-chem,大型,0.084
sekisui-chem,太陽,0.0742
sekisui-chem,始まる,0.0673
sekisui-chem,実感,0.0575
sekisui-chem,将来,0.0575
sekisui-chem,属する,0.084
sekisui-chem,年度,0.1287
sekisui-chem,度目,0.084
sekisui-chem,引当金,0.084
sekisui-chem,強い,0.0429
sekisui-chem,影響,0.0575
sekisui-chem,情熱,0.0575
sekisui-chem,意味,0.0575
sekisui-chem,感ずる,0.0955
sekisui-chem,成長軌道,0.084
sekisui-chem,手応え,0.084
sekisui-chem,投資,0.0477
sekisui-chem,持つ,0.0429
sekisui-chem,挑戦,0.0709
sekisui-chem,振り返る,0.1012
sekisui-chem,更新,0.084
sekisui-chem,最高,0.0673
sekisui-chem,案件,0.0742
sekisui-chem,決算,0.0742
sekisui-chem,海外,0.0673
sekisui-chem,災害,0.0575
sekisui-chem,燃え盛る,0.084
sekisui-chem,現有,0.084
sekisui-chem,直後,0.084
sekisui-chem,確実,0.2152
sekisui-chem,祈る,0.0575
sekisui-chem,稼ぐ,0.0673
sekisui-chem,積水,0.084
sekisui-chem,積水化学,0.252
sekisui-chem,組み合わさる,0.084
sekisui-chem,続ける,0.0339
sekisui-chem,臨む,0.084
sekisui-chem,良い,0.0673
sekisui-chem,苦戦,0.084
sekisui-chem,行動力,0.0742
sekisui-chem,要素,0.0673
sekisui-chem,見込み,0.084
sekisui-chem,見通せる,0.084
sekisui-chem,言う,0.0538
sekisui-chem,計上,0.084
sekisui-chem,計画,0.2152
sekisui-chem,設備,0.0673
sekisui-chem,設立,0.0673
sekisui-chem,謹む,0.0429
sekisui-chem,豪雨,0.084
sekisui-chem,迎える,0.0389
sekisui-chem,通期,0.0742
sekisui-chem,過去,0.0619
sekisui-chem,達成,0.0575
sekisui-chem,長期,0.1484
sekisui-chem,開始,0.0538
sekisui-chem,関税,0.0538
sekisui-chem,電池,0.084
sekisui-chem,飛躍,0.0575
seven-i,dx,0.0538
seven-i,あたる,0.0434
seven-i,すべて,0.0612
seven-i,とも,0.0754
seven-i,とらえる,0.0789
seven-i,もたらす,0.0572
seven-i,インフレ,0.0893
seven-i,オーナー,0.1787
seven-i,カルチャー,0.0893
seven-i,ガバナンス,0.0893
seven-i,グローバル,0.1923
seven-i,コスト,0.0716
seven-i,コンビニエンスストア,0.0893
seven-i,ステークホルダー,0.0612
seven-i,チェーン,0.0789
seven-i,チーム,0.2147
seven-i,ニーズ,0.0716
seven-i,ネットワーク,0.0612
seven-i,バランス,0.0893
seven-i,バリュー,0.0716
seven-i,パートナーシップ,0.0893
seven-i,ブランド,0.0789
seven-i,ラストワンマイル,0.0893
seven-i,リスク,0.1145
seven-i,リーダーシップ,0.2147
seven-i,上回る,0.0716
seven-i,世界,0.1131
seven-i,中心,0.0612
seven-i,主要,0.0893
seven-i,体制,0.0716
seven-i,体験,0.1317
seven-i,価格,0.0659
seven-i,便利,0.0716
seven-i,信頼,0.0481
seven-i,優れる,0.0893
seven-i,先取り,0.0789
seven-i,全体,0.0377
seven-i,全力,0.0612
seven-i,共有,0.0572
seven-i,分野,0.0414
seven-i,利便性,0.0893
seven-i,創出,0.0481
seven-i,創業者,0.0893
seven-i,加盟店,0.1579
seven-i,加速,0.0868
seven-i,勝ち取る,0.0893
seven-i,取り組み,0.0868
seven-i,受け継ぐ,0.0893
seven-i,各地,0.0716
seven-i,商品,0.0789
seven-i,図る,0.0893
seven-i,国内外,0.0789
seven-i,国際,0.0612
seven-i,地政学,0.0538
seven-i,変える,0.0716
seven-i,変化,0.2762
seven-i,始まる,0.0716
seven-i,存在,0.0962
seven-i,定義,0.0716
seven-i,対処,0.0893
seven-i,対応,0.2289
seven-i,届ける,0.0659
seven-i,常態化,0.0893
seven-i,店舗,0.0789
seven-i,強み,0.0538
seven-i,強力,0.0789
seven-i,強固,0.0893
seven-i,御礼,0.0716
seven-i,必要,0.0538
seven-i,応える,0.0789
seven-i,意義,0.0893
seven-i,慎重,0.0716
seven-i,成功,0.0716
seven-i,持つ,0.0456
seven-i,据える,0.0716
seven-i,提案,0.0789
seven-i,明確化,0.0789
seven-i,昨年来,0.0893
seven-i,最初,0.1579
seven-i,最高,0.0716
seven-i,有する,0.0789
seven-i,期待,0.0572
seven-i,柔軟,0.0659
seven-i,機会,0.0508
seven-i,機敏,0.0893
seven-i,歴史,0.0612
seven-i,求める,0.0659
seven-i,注ぐ,0.0789
seven-i,活かす,0.1431
seven-i,激甚,0.0893
seven-i,災害,0.0612
seven-i,状況,0.0538
seven-i,環境,0.0456
seven-i,目標,0.0572
seven-i,確信,0.0659
seven-i,社員,0.0377
seven-i,管理,0.0659
seven-i,精神,0.0893
seven-i,素晴らしい,0.0612
seven-i,経営,0.0456
seven-i,続ける,0.036
seven-i,育む,0.0893
seven-i,自然,0.0893
seven-i,要請,0.0893
seven-i,誠実,0.0612
seven-i,課題,0.0481
seven-i,購入,0.0893
seven-i,起す,0.0893
seven-i,迅速,0.1579
seven-i,迎える,0.0414
seven-i,通ずる,0.0395
seven-i,連携,0.0508
seven-i,進む,0.0508
seven-i,選ぶ,0.0893
seven-i,選別,0.0893
seven-i,重要,0.0414
seven-i,開く,0.0789
seven-i,開発力,0.0893
seven-i,集中,0.0716
seven-i,顕在化,0.0789
seven-i,願う,0.0456
sumitomo-corp,1日,0.0539
sumitomo-corp,ai,0.1975
sumitomo-corp,dais,0.1219
sumitomo-corp,no,0.1077
sumitomo-corp,pk,0.061
sumitomo-corp,あいさつ,0.0488
sumitomo-corp,あける,0.0449
sumitomo-corp,いのち,0.061
sumitomo-corp,うえ,0.0539
sumitomo-corp,おめでとう,0.0328
sumitomo-corp,すべて,0.0835
sumitomo-corp,それぞれ,0.0835
sumitomo-corp,つける,0.0449
sumitomo-corp,とも,0.0257
sumitomo-corp,とる,0.0492
sumitomo-corp,なれる,0.061
sumitomo-corp,はじめ,0.0367
sumitomo-corp,めぐる,0.0539
sumitomo-corp,やる,0.0539
sumitomo-corp,よる,0.0492
sumitomo-corp,アディショナル,0.061
sumitomo-corp,アプローチ,0.061
sumitomo-corp,イベント,0.0488
sumitomo-corp,インオーガニック,0.061
sumitomo-corp,オフィス,0.0539
sumitomo-corp,オーガニック,0.1219
sumitomo-corp,グローバル,0.0328
sumitomo-corp,コーポレート,0.0539
sumitomo-corp,サッカー,0.1219
sumitomo-corp,タイム,0.061
sumitomo-corp,ダイス,0.061
sumitomo-corp,チャレンジング,0.061
sumitomo-corp,チーム,0.0488
sumitomo-corp,デザイン,0.0539
sumitomo-corp,デジタル,0.1185
sumitomo-corp,パビリオン,0.0539
sumitomo-corp,ビジネス,0.0623
sumitomo-corp,ビジネスモデル,0.0539
sumitomo-corp,メディア,0.0539
sumitomo-corp,ライン,0.1219
sumitomo-corp,リスク,0.0781
sumitomo-corp,リード,0.0488
sumitomo-corp,一人ひとり,0.0296
sumitomo-corp,一緒,0.0539
sumitomo-corp,万博,0.0449
sumitomo-corp,上位,0.061
sumitomo-corp,世界,0.0771
sumitomo-corp,中期経営計画,0.0835
sumitomo-corp,予測,0.0449
sumitomo-corp,人気,0.061
sumitomo-corp,人間,0.0539
sumitomo-corp,人間力,0.1077
sumitomo-corp,今後,0.0449
sumitomo-corp,仕事,0.0449
sumitomo-corp,会う,0.061
sumitomo-corp,伝える,0.0781
sumitomo-corp,住友,0.1219
sumitomo-corp,住友商事,0.1219
sumitomo-corp,使う,0.0539
sumitomo-corp,保障,0.0488
sumitomo-corp,信用,0.0539
sumitomo-corp,信頼,0.0328
sumitomo-corp,健康,0.0417
sumitomo-corp,優しい,0.061
sumitomo-corp,元旦,0.061
sumitomo-corp,初詣,0.061
sumitomo-corp,創出,0.0328
sumitomo-corp,加速,0.0296
sumitomo-corp,勝つ,0.2155
sumitomo-corp,勝利,0.061
sumitomo-corp,博覧会,0.061
sumitomo-corp,取り上げる,0.061
sumitomo-corp,取り巻く,0.0488
sumitomo-corp,各国,0.1348
sumitomo-corp,同じ,0.0539
sumitomo-corp,同点,0.061
sumitomo-corp,向ける,0.0514
sumitomo-corp,営業,0.0449
sumitomo-corp,国際,0.0417
sumitomo-corp,国際的,0.0539
sumitomo-corp,圧倒,0.061
sumitomo-corp,地域,0.0328
sumitomo-corp,地政学,0.0367
sumitomo-corp,基づく,0.0488
sumitomo-corp,基本,0.0899
sumitomo-corp,変わる,0.0449
sumitomo-corp,変更,0.0488
sumitomo-corp,多い,0.0449
sumitomo-corp,多く,0.0347
sumitomo-corp,大きな,0.0235
sumitomo-corp,大会,0.061
sumitomo-corp,大切,0.0417
sumitomo-corp,大成功,0.061
sumitomo-corp,大手町,0.061
sumitomo-corp,大統領,0.061
sumitomo-corp,大阪,0.0449
sumitomo-corp,姿勢,0.0449
sumitomo-corp,安全,0.0311
sumitomo-corp,実り,0.0539
sumitomo-corp,実家,0.061
sumitomo-corp,実感,0.0417
sumitomo-corp,実行,0.0734
sumitomo-corp,家族,0.1101
sumitomo-corp,差別化,0.0539
sumitomo-corp,希望,0.0449
sumitomo-corp,帰省,0.061
sumitomo-corp,平和,0.061
sumitomo-corp,年始,0.061
sumitomo-corp,年度,0.0311
sumitomo-corp,年末,0.061
sumitomo-corp,年末年始,0.0488
sumitomo-corp,幸せ,0.0488
sumitomo-corp,強い,0.0311
sumitomo-corp,強み,0.0367
sumitomo-corp,後半,0.0539
sumitomo-corp,必要,0.0367
sumitomo-corp,思い,0.0488
sumitomo-corp,思い出す,0.061
sumitomo-corp,急速,0.0417
sumitomo-corp,情勢,0.0539
sumitomo-corp,惹きつける,0.1829
sumitomo-corp,意識,0.039
sumitomo-corp,感ずる,0.0347
sumitomo-corp,戦略,0.1101
sumitomo-corp,技術革新,0.0539
sumitomo-corp,投資,0.0347
sumitomo-corp,抜き去る,0.061
sumitomo-corp,抜く,0.0539
sumitomo-corp,持つ,0.0623
sumitomo-corp,挑戦,0.0257
sumitomo-corp,振り返る,0.0367
sumitomo-corp,掛け合わせ,0.061
sumitomo-corp,政策,0.0417
sumitomo-corp,新しい,0.0282
sumitomo-corp,方々,0.0899
sumitomo-corp,最大,0.0488
sumitomo-corp,最後,0.0311
sumitomo-corp,最終,0.0367
sumitomo-corp,期待,0.039
sumitomo-corp,未来,0.0538
sumitomo-corp,本質,0.0539
sumitomo-corp,来場者,0.061
sumitomo-corp,東京,0.0539
sumitomo-corp,根幹,0.0539
sumitomo-corp,案件,0.0539
sumitomo-corp,構築,0.0347
sumitomo-corp,機会,0.0347
sumitomo-corp,正月,0.061
sumitomo-corp,毎年,0.061
sumitomo-corp,民間,0.061
sumitomo-corp,気持ち,0.0539
sumitomo-corp,泥臭い,0.061
sumitomo-corp,満ちる,0.0417
sumitomo-corp,物語,0.061
sumitomo-corp,状況,0.1101
sumitomo-corp,現場,0.0656
sumitomo-corp,環境,0.0934
sumitomo-corp,産業,0.0899
sumitomo-corp,発展,0.0367
sumitomo-corp,発表,0.0488
sumitomo-corp,盛況,0.061
sumitomo-corp,目の当たり,0.0488
sumitomo-corp,目標,0.039
sumitomo-corp,相手,0.1077
sumitomo-corp,着実,0.0328
sumitomo-corp,磨く,0.0417
sumitomo-corp,社員,0.0514
sumitomo-corp,祈念,0.0417
sumitomo-corp,神社,0.061
sumitomo-corp,立つ,0.039
sumitomo-corp,立場,0.0539
sumitomo-corp,競争相手,0.1219
sumitomo-corp,競合,0.061
sumitomo-corp,策定,0.0367
sumitomo-corp,累計,0.1219
sumitomo-corp,組織,0.0781
sumitomo-corp,経済,0.0835
sumitomo-corp,絡み合う,0.061
sumitomo-corp,続く,0.0417
sumitomo-corp,続ける,0.0246
sumitomo-corp,緊張,0.061
sumitomo-corp,聞く,0.0449
sumitomo-corp,膨らむ,0.061
sumitomo-corp,自律,0.0539
sumitomo-corp,自責,0.061
sumitomo-corp,行く,0.0977
sumitomo-corp,表明,0.061
sumitomo-corp,複雑,0.061
sumitomo-corp,要因,0.0539
sumitomo-corp,見込む,0.0488
sumitomo-corp,観戦,0.1219
sumitomo-corp,言い換える,0.061
sumitomo-corp,言う,0.039
sumitomo-corp,言葉,0.0488
sumitomo-corp,試合,0.1219
sumitomo-corp,話す,0.0449
sumitomo-corp,語り込む,0.061
sumitomo-corp,誠実,0.0417
sumitomo-corp,負ける,0.061
sumitomo-corp,貪欲,0.061
sumitomo-corp,走る,0.0539
sumitomo-corp,越える,0.0539
sumitomo-corp,越す,0.061
sumitomo-corp,踏まえる,0.0449
sumitomo-corp,迎える,0.0564
sumitomo-corp,近く,0.061
sumitomo-corp,追いつく,0.061
sumitomo-corp,通ずる,0.0538
sumitomo-corp,速度,0.061
sumitomo-corp,進む,0.0347
sumitomo-corp,進化,0.0296
sumitomo-corp,遂げる,0.0449
sumitomo-corp,過ぎ,0.061
sumitomo-corp,過ごす,0.0488
sumitomo-corp,道筋,0.0539
sumitomo-corp,重要,0.0282
sumitomo-corp,重要性,0.0449
sumitomo-corp,関する,0.0539
sumitomo-corp,関係,0.0417
sumitomo-corp,関西,0.0899
sumitomo-corp,難しい,0.1219
sumitomo-corp,静か,0.061
sumitomo-corp,願う,0.0311
sumitomo-corp,首相,0.0488
sumitomo-corp,駆使,0.1077
sumitomo-corp,驚く,0.061
sumitomo-corp,高い,0.039
sumitomo-corp,高まり,0.0488
sumitomo-corp,高まる,0.0417
sumitomo-corp,高める,0.039
toyota,arigato,0.0612
toyota,fest,0.0612
toyota,toyota,0.0612
toyota,world,0.0612
toyota,あける,0.0451
toyota,いい,0.1223
toyota,うれしい,0.054
toyota,おめでとう,0.0329
toyota,かける,0.0451
toyota,くれる,0.3783
toyota,すべて,0.0419
toyota,それぞれ,0.0419
toyota,たくさん,0.054
toyota,つくる,0.2162
toyota,つなげる,0.054
toyota,とも,0.0258
toyota,みんな,0.1835
toyota,もと,0.0419
toyota,インドネシア,0.0612
toyota,クルマ,0.2446
toyota,グローバル,0.0658
toyota,サービス,0.0348
toyota,スタート,0.0297
toyota,スタートライン,0.0612
toyota,ステークホルダー,0.0419
toyota,チーム,0.049
toyota,トヨタ,0.1223
toyota,トラブル,0.054
toyota,バックアップ,0.0612
toyota,フェリス,0.0612
toyota,ブラジル,0.0612
toyota,ポルト,0.0612
toyota,メッセージ,0.0612
toyota,一人ひとり,0.0297
toyota,一報,0.0612
toyota,一心,0.0612
toyota,一方,0.098
toyota,一生懸命,0.0612
toyota,不便,0.0612
toyota,世の中,0.0419
toyota,世界,0.0258
toyota,世界中,0.0392
toyota,仕事,0.1352
toyota,仕入先,0.0612
toyota,仕組み,0.049
toyota,仲間,0.196
toyota,会社,0.0348
toyota,会長,0.0612
toyota,伝える,0.0783
toyota,停止,0.1223
toyota,健やか,0.054
toyota,全力,0.0419
toyota,全員,0.0392
toyota,内訳,0.0612
toyota,再開,0.0612
toyota,出す,0.054
toyota,前年,0.054
toyota,努力,0.0902
toyota,動く,0.054
toyota,厳しさ,0.0612
toyota,受ける,0.054
toyota,各地,0.049
toyota,向き合う,0.049
toyota,品質,0.1256
toyota,商談,0.054
toyota,地域,0.0658
toyota,増える,0.054
toyota,増す,0.049
toyota,変わる,0.0451
toyota,変化,0.027
toyota,多い,0.0451
toyota,多く,0.0348
toyota,大切,0.0838
toyota,大変,0.0612
toyota,実感,0.0838
toyota,実践,0.0902
toyota,実際,0.054
toyota,対応,0.0392
toyota,尽力,0.0451
toyota,届く,0.0612
toyota,届ける,0.1352
toyota,工場,0.0612
toyota,当たり前,0.049
toyota,当たる,0.0612
toyota,復旧,0.054
toyota,徹する,0.0612
toyota,必死,0.0612
toyota,想い,0.1352
toyota,意味,0.0419
toyota,意識,0.0392
toyota,感謝,0.1675
toyota,改善,0.0838
toyota,新型,0.0612
toyota,新車,0.0612
toyota,日本,0.0658
toyota,最後,0.0625
toyota,有り難い,0.0612
toyota,未来,0.027
toyota,本当,0.2162
toyota,業務,0.0368
toyota,正しい,0.049
toyota,気持ち,0.1081
toyota,海外,0.049
toyota,減る,0.054
toyota,準備,0.049
toyota,無事,0.0612
toyota,状況,0.0737
toyota,現地,0.054
toyota,現場,0.0987
toyota,環境,0.0312
toyota,生産,0.1352
toyota,私自身,0.0451
toyota,稼働,0.1223
toyota,積み重ねる,0.0419
toyota,立ち上げ,0.0612
toyota,立てる,0.049
toyota,竜巻,0.0612
toyota,競争,0.049
toyota,笑顔,0.0838
toyota,続く,0.0419
toyota,続ける,0.074
toyota,苦しい,0.0612
toyota,行動,0.1105
toyota,被災,0.054
toyota,見る,0.0612
toyota,言う,0.0392
toyota,言葉,0.049
toyota,設備,0.049
toyota,認証,0.1223
toyota,課題,0.0329
toyota,豊田,0.0612
toyota,販売,0.1081
toyota,販売店,0.0612
toyota,起因,0.054
toyota,越える,0.054
toyota,迎える,0.0283
toyota,追求,0.049
toyota,送り出す,0.0612
toyota,重ねる,0.0419
toyota,開催,0.049
toyota,頑張る,0.1621
toyota,飛ぶ,0.049
